item_id,receipt_id,file_name,raw_name,normalized_name,quantity,unit,price,matched_product_id,confidence,uncertain,BLS_match,closest_5_after_BLS,OFF_match,closest_5_after_OFF,Fallback_category,store,purchase_date,scan_quality
1827153b-b012-453b-926f-c3df158cae91,1b66426a-f508-4e82-8c63-dae566dd3202,2026.06.30_23001961862026063034796.jpg.png,"Banane Fair Bio 2,35 A",Banane Fair Bio,1.182,kg,2.35,,0.5,True,Banane roh [bls_code=F503100] conf=0.85 (fuzzy),"Banane roh (0.85) | Bananenchips frittiert, gesüßt (0.85) | Kochbanane roh (0.85) | Fruchtmischung (Apfel, Banane, Mandarine) ungesüßt (0.85) | Banane getrocknet (0.85)",Banane BIO [off_id=3250393062582] conf=1.00 (fuzzy),Barres céréales Banane Chocolat noir (0.85) | Banane BIO (1.00) | (no name) (0.60) | Banane Joghurt (0.85) | Banane Bio Max Havelaar (1.00),fruit,Lidl,2026-06-30,good
592f30db-ea4d-4418-a314-b03d96f7a074,1b66426a-f508-4e82-8c63-dae566dd3202,2026.06.30_23001961862026063034796.jpg.png,"Zwiebeln weiß 1,28 A",Zwiebeln weiß,0.356,kg,1.28,,0.5,True,"Weiße Rübe/Wasserrübe/Herbstrübe, roh [bls_code=G614100] conf=0.85 (fuzzy)","Weiße Rübe/Wasserrübe/Herbstrübe, roh (0.85) | Heilbutt/Weißer Heilbutt, roh (0.85) | Johannisbeere weiß, roh (0.85) | Weizenbrot/Weißbrot (0.85) | Quinoa weiß, roh (0.85)",Zwiebeln weiss [off_id=4063367118326] conf=0.89 (fuzzy),Zwiebeln weiss (0.89) | Gemüse - Zwiebeln weiss (0.85),vegetable,Lidl,2026-06-30,good
97af5108-17a5-480b-af76-e0f0b2e841f3,1b66426a-f508-4e82-8c63-dae566dd3202,2026.06.30_23001961862026063034796.jpg.png,"Bioland Zucchini 1,49 A",Bioland Zucchini,1.0,piece,1.49,,0.5,True,"Schwein Speck, ohne Schwartenzug (S VII) roh [bls_code=U605700] conf=0.85 (fuzzy)","Schwein Speck, ohne Schwartenzug (S VII) roh (0.85) | Eierteigwaren Tortelloni (Ricotta-Spinat-Füllung) getrocknet (0.85) | Roggenmischbrot (0.85) | Zucchini roh (0.85) | Sojakochcreme (0.85)",,Zucchini (0.85),other,Lidl,2026-06-30,good
c3138c2f-675b-4c0d-9b6b-37c3472fcd15,1b66426a-f508-4e82-8c63-dae566dd3202,2026.06.30_23001961862026063034796.jpg.png,"Petersilie 1,39 A",Petersilie,1.0,piece,1.39,,0.5,True,Petersilienblatt getrocknet [bls_code=G250400] conf=0.85 (fuzzy),Petersilienblatt getrocknet (0.85) | Petersilienblatt roh (0.85) | Wurzelpetersilie roh (0.85) | Petersilienblatt tiefgefroren (0.85) | Kohlrabi gedünstet (mit Fett und Salz) mit Petersilie (0.85),Petersilie getrocknet [off_id=20226558] conf=0.85 (fuzzy),"Pesto Basilico e Rucula (0.48) | Petersilie getrocknet (0.85) | Petersilie - Erntefrisch, Gefriergetrocknet (0.85) | Petersilie Gerebelt (0.85) | Karotte Orange (Bio-Suppe mit Kokosmilch und Ingwer) (0.30)",other,Lidl,2026-06-30,good
517fc874-ad36-4723-9408-0ba10f7861d5,1b66426a-f508-4e82-8c63-dae566dd3202,2026.06.30_23001961862026063034796.jpg.png,"Bio Limetten 1,99 A",Bio Limetten,1.0,piece,1.99,,0.5,True,Limette roh [bls_code=F602100] conf=0.85 (fuzzy),"Limette roh (0.85) | Limettensaft (0.85) | Limettensaft Konzentrat (0.85) | Hackfleischteig roh (für Frikadellen, Buletten, Fleischklopse/-küchle/-pflanzerl) (0.75) | Sahneersatz (Mischung aus pflanzlichen Fetten und Milch) (0.71)",Limetten Saft [off_id=4003387006012] conf=0.85 (fuzzy),Limetten Saft (0.85) | Bio Limetten (1.00) | Bio-Fairtrade-Limetten (1.00) | Bio Limetten (1.00) | Limetten (0.85),other,Lidl,2026-06-30,good
c9574418-4e27-40cd-b21c-4fab8a121b8b,1b66426a-f508-4e82-8c63-dae566dd3202,2026.06.30_23001961862026063034796.jpg.png,"Weidemilch 3,8% 1,19 A",Weidemilch,1.0,piece,1.19,,0.5,True,"Milch fettarm, frisch, 1,5 % Fett, pasteurisiert [bls_code=M111200] conf=0.85 (fuzzy)","Milch fettarm, frisch, 1,5 % Fett, pasteurisiert (0.85) | H-Milch fettarm, 1,5 % Fett, ultrahocherhitzt (0.85) | Joghurt mild, aus entrahmter Milch, max. 1 % Fett, mit Fruchtzubereitung, gesüßt (0.85) | Milch entrahmt, frisch, höchstens 0,1 % Fett, pasteurisiert (0.85) | Milch fettarm, 1,5 % Fett, laktosefrei, pasteurisiert (0.85)",Weidemilch [off_id=4061462544262] conf=1.00 (exact),Frische Weidemilch (0.85) | frische Weidemilch (0.85) | Deutsche Markenbutter aus Weidemilch Süßrahm (0.85) | Weidemilch (1.00) | Frische Weidemilch (0.85),dairy,Lidl,2026-06-30,good
5cc0d5e7-9b8b-483e-a5c4-0159e175d6a9,1b66426a-f508-4e82-8c63-dae566dd3202,2026.06.30_23001961862026063034796.jpg.png,"Exquisa fitlineNatur 1,59 A",Exquisa fitlineNatur,1.0,piece,1.59,,0.5,True,"Cerealien aus Vollkornweizenschrot, gesüßt, ungefüllt, Natur/Frucht/Schokolade [bls_code=C539100] conf=0.85 (fuzzy)","Cerealien aus Vollkornweizenschrot, gesüßt, ungefüllt, Natur/Frucht/Schokolade (0.85) | Frischkäsezubereitung Natur, mind. 60 % Fett i. Tr. (0.85) | Frischkäse aus Ziegenmilch, Natur, mind. 45 % Fett i. Tr. (0.85) | Cerealien aus Vollkornweizenschrot, gesüßt, ungefüllt, Natur/Frucht/Schokolade, angereichert mit Vitaminen und Mineralstoffen (0.85) | Frischkäsezubereitung Natur, mind. 50 % Fett i. Tr. (0.85)",,,other,Lidl,2026-06-30,good
6bf23279-4d79-4a28-a525-71f9f4ee9f2c,1b66426a-f508-4e82-8c63-dae566dd3202,2026.06.30_23001961862026063034796.jpg.png,"Bio-Eier OKT 10er 3,99 A",Bio-Eier OKT 10er,1.0,piece,3.99,,0.5,True,"Rhabarberkompott mit einer Zuckerart und Süßungsmitteln, Konserve [bls_code=F957900] conf=0.89 (fuzzy)","Rhabarberkompott mit einer Zuckerart und Süßungsmitteln, Konserve (0.89) | Preiselbeere mit einer Zuckerart und Süßungsmitteln (mit Pektin) Konserve (0.89) | Eierteigwaren roh (0.85) | Eierteigwaren Tortellini (Fleischfüllung) getrocknet (0.85) | Eierteigwaren Tortelloni (Ricotta-Spinat-Füllung) getrocknet (0.85)",,,protein,Lidl,2026-06-30,good
1edac537-14b2-4b64-a470-76646701ce9e,1b66426a-f508-4e82-8c63-dae566dd3202,2026.06.30_23001961862026063034796.jpg.png,"Bio Müsli Schoko Kn. 2,65 A",Bio Müsli Schoko Kn,1.0,piece,2.65,,0.5,True,"Cerealien extrudiert, gesüßt, ungefüllt, mit Frucht-/Honig-/Karamell-/Schokogeschmack [bls_code=C534300] conf=0.85 (fuzzy)","Cerealien extrudiert, gesüßt, ungefüllt, mit Frucht-/Honig-/Karamell-/Schokogeschmack (0.85) | Cerealien aus Vollkornweizenschrot, gesüßt, ungefüllt, Natur/Frucht/Schokolade (0.85) | Schokoladeneis (0.85) | Milchschokoladen-Riegel gefüllt mit Karamell, gerösteten Erdnüssen und Candycreme (0.85) | Schokoladen-Schaumkuss (0.85)",,,grain,Lidl,2026-06-30,good
cd8d9096-6e3c-420a-b96e-c2e89daa45c6,1b66426a-f508-4e82-8c63-dae566dd3202,2026.06.30_23001961862026063034796.jpg.png,"Lava Bar Cookie 1,69 A",Lava Bar Cookie,1.0,piece,1.69,,0.5,True,"Milchschokoladen-Riegel gefüllt mit Karamell, gerösteten Erdnüssen und Candycreme [bls_code=S581100] conf=1.00 (fuzzy)","Milchschokoladen-Riegel gefüllt mit Karamell, gerösteten Erdnüssen und Candycreme (1.00) | Milchschokoladen-Riegel gefüllt mit Candycreme/mit Candycreme und Karamell (1.00) | Vollmilchschokoladen-Riegel gefüllt mit Milchcreme (1.00) | Vollmilchschokoladen-Riegel gefüllt mit Joghurt-Erdbeercreme (1.00) | Milchschokoladen-Riegel gefüllt mit Karamell und Knusperkeks (1.00)",LAVA BAR COOKIES & CREAM [off_id=4260639153782] conf=1.00 (fuzzy),LAVA BAR COOKIES & CREAM (1.00),other,Lidl,2026-06-30,good
9ea14ff0-24a4-4c65-ad0c-37256157f77e,1b66426a-f508-4e82-8c63-dae566dd3202,2026.06.30_23001961862026063034796.jpg.png,"Dinkelschnitte 1,29 A",Dinkelschnitte,1.0,piece,1.29,,0.5,True,Dinkel Vollkornmehl [bls_code=C235000] conf=0.85 (fuzzy),"Dinkel Vollkornmehl (0.85) | Dinkel Grieß (0.85) | Dinkel ganzes Korn, roh (0.85) | Dinkel Vollkornschrot (0.85) | Dinkel Mehl, Type 630 (0.85)",Dinkelschnitte [off_id=4061458128841] conf=1.00 (exact),Dinkelschnitte (1.00),other,Lidl,2026-06-30,good
e93b8d45-287f-4410-a47f-e67a3d2d9a7b,1b66426a-f508-4e82-8c63-dae566dd3202,2026.06.30_23001961862026063034796.jpg.png,"Walnusskerne 2,99 A",Walnusskerne,1.0,piece,2.99,,0.5,True,Nuss-Nougat-Creme [bls_code=S145000] conf=0.85 (fuzzy),"Nuss-Nougat-Creme (0.85) | Schwein Nuss, roh (0.85) | Walnuss (0.85) | Schwein Bratenfleisch (Nuss) roh (0.85) | Schwein Schnitzel (Nuss) roh (0.85)",Walnusskerne [off_id=4008258130018] conf=1.00 (exact),Walnusskerne naturbelassen (0.85) | Walnusskerne (1.00) | WALNUSS-KERNE (0.96) | Walnusskerne (1.00) | Walnusskerne (1.00),other,Lidl,2026-06-30,good
80f8e9ca-c1bd-44f9-b400-db164f8495af,1b66426a-f508-4e82-8c63-dae566dd3202,2026.06.30_23001961862026063034796.jpg.png,"Bio Cashewkerne 2,45 A",Bio Cashewkerne,1.0,piece,2.45,,0.5,True,Cashewkern [bls_code=H170100] conf=0.85 (fuzzy),"Cashewkern (0.85) | Cashewnussmus (0.85) | Käsealternative, Basis Cashewkerne, vegan (0.85) | Cashewkern geröstet mit Fett (0.85) | Cashewkern geröstet ohne Fett (0.85)",Bio Cashewkerne [off_id=4335619016743] conf=1.00 (exact),Bio Cashewkerne (1.00) | Cashewkerne (0.85) | Cashewbruch (0.64) | Bio-Vitalgebäck - Erdnüsse & Cashewkerne (1.00) | Bio Cashewkerne naturbelassen aus Westafrika (1.00),other,Lidl,2026-06-30,good
cf4cd0f6-9400-48c4-acd2-a4e4484b7648,1b66426a-f508-4e82-8c63-dae566dd3202,2026.06.30_23001961862026063034796.jpg.png,"Rinderhackfleisch 5% 5,99 A",Rinderhackfleisch,1.0,piece,5.99,,0.5,True,"Schwein Fettwamme, ohne Schwarten, geringer Magerfleischanteil (S XI) roh [bls_code=U505100] conf=0.85 (fuzzy)","Schwein Fettwamme, ohne Schwarten, geringer Magerfleischanteil (S XI) roh (0.85) | Kaninchen Fleisch, roh (0.85) | Hase Fleisch, roh (0.85) | Schwein Rückenspeck, kernig, ohne Schwartenzug (S VIII) roh (0.85) | Schwein Speck, ohne Schwartenzug (S VII) roh (0.85)",,Frisches Rinderhackfleisch Bio (0.85) | Rinderhackfleisch (1.00) | ALDI MEINE METZGEREI Fettreduziertes Rinderhackfleisch Frisch nur 5 % Fett; vielseitig verwendbar Aus der Kühlung 4.79€ 400-g-Packung 1kg 11.98€ (0.85) | Rinderhackfleisch (1.00) | Rinderhackfleisch (1.00),protein,Lidl,2026-06-30,good
04698622-e165-4091-bfe4-1ad84c260e62,1b66426a-f508-4e82-8c63-dae566dd3202,2026.06.30_23001961862026063034796.jpg.png,"Puten-Geschnetzeltes 4,59 x 2 9,18 A",Puten-Geschnetzeltes,2.0,piece,9.18,,0.9,False,Putenei roh [bls_code=E151100] conf=0.85 (fuzzy),"Putenei roh (0.85) | Pute Fleisch, mit Haut, roh (0.85) | Pute Brust, ohne Haut, roh (0.85) | Pute Flügel, mit Haut, roh (0.85) | Pute Innereien, roh (0.85)",Puten-Geschnetzelte [off_id=4058204567160] conf=0.97 (exact),Familien-Packung Puten-Geschnetzeltes (0.85) | Puten-Geschnetzelte (0.97) | ja! Puten-Geschnetzeltes in pfeffriger Sauce mit Spätzle und Gemüse 4337256528979 (0.85) | Wilhelm Brandenburg Puten-Geschnetzeltes (0.85) | Frische Puten-Geschnetzeltes (0.85),other,Lidl,2026-06-30,good
55291075-9ffb-4162-8ccf-166c07fed72d,8d554238-2f93-4096-9d0c-e0a516bcda25,IMG_1928.JPG,"745 7] Geg, BAR EUR 1,20 EST","745 7] Geg, BAR EUR",1.0,piece,1.2,,0.5,True,"Milchschokoladen-Riegel gefüllt mit Karamell, gerösteten Erdnüssen und Candycreme [bls_code=S581100] conf=1.00 (fuzzy)","Milchschokoladen-Riegel gefüllt mit Karamell, gerösteten Erdnüssen und Candycreme (1.00) | Milchschokoladen-Riegel gefüllt mit Candycreme/mit Candycreme und Karamell (1.00) | Vollmilchschokoladen-Riegel gefüllt mit Milchcreme (1.00) | Vollmilchschokoladen-Riegel gefüllt mit Joghurt-Erdbeercreme (1.00) | Milchschokoladen-Riegel gefüllt mit Karamell und Knusperkeks (1.00)",,,other,Netto,2026-06-17,good
ab7d696c-4b00-4199-a13a-ff6ab59c07fa,8d554238-2f93-4096-9d0c-e0a516bcda25,IMG_1928.JPG,"Sn DS B= 7,0% 1,11 0,08 1,19 nm","Sn DS B= 1,11 0,08",1.0,piece,1.19,,0.5,True,,"Pilsner Bier, 0,0 % vol (0.44) | Ascorbinsäure (E 300) (0.36) | Weizen Mehl, Type 1050 (0.35) | Weizen Mehl, Type 1600 (0.35) | Roggen Mehl, Type 1150 (0.35)",,,other,Netto,2026-06-17,good
193062e7-7777-4c7b-9262-ed4041379b04,30bb7241-c4aa-4d61-ba68-9eeffa94c335,IMG_1929.JPG,"‚ Miracel Whip 1,49€x 3 4,47 AW",Miracel Whip,3.0,piece,4.47,,0.9,False,Hagebutte roh [bls_code=F402100] conf=0.85 (fuzzy),"Hagebutte roh (0.85) | Schlagsahne mind. 36 % Fett (0.85) | Sahnestandmittel (0.85) | Schlagsahne mind. 30 % Fett (0.85) | Sprühsahne/Schlagsahne, gesüßt, mind. 30 % Fett (0.85)",Miracel Whip [off_id=4000339057726] conf=1.00 (exact),Miracel Whip Mayonnaise (0.85) | Miracel Whip Balance (0.85) | Miracel Whip Joghurt (0.85) | Miracel Whip (1.00) | Mayo Original (0.40),other,Edeka,,good
ba126edb-6968-42b9-96cc-1f2c35e37476,30bb7241-c4aa-4d61-ba68-9eeffa94c335,IMG_1929.JPG,"| Frischfi,erm,BED 3,98 A","Frischfi,erm,BED",1.0,piece,3.98,,0.5,True,Weizen Keim [bls_code=C114000] conf=0.86 (fuzzy),"Weizen Keim (0.86) | Weizenkeimöl (0.86) | Roggenvollkornknäckebrot mit Leinsamen und Weizenkeimen (0.86) | Eierteigwaren mit Weizenkeimen, roh (0.86) | Eierteigwaren mit Weizenkeimen, gekocht (0.86)",,,other,Edeka,,good
d131a00e-3aef-44b9-87b0-4d9c1af7c5f0,30bb7241-c4aa-4d61-ba68-9eeffa94c335,IMG_1929.JPG,"/ Lang.Cremiss.Eis 1,89 AM",Lang.Cremiss.Eis,1.0,piece,1.89,,0.5,True,Fürst-Pückler-Eis [bls_code=Y999140] conf=1.00 (fuzzy),"Fürst-Pückler-Eis (1.00) | Reis poliert, roh (0.86) | Reis parboiled, poliert, roh (0.86) | Reis Mehl (0.86) | Reis unpoliert, roh (0.86)",,,other,Edeka,,good
7a4f68fa-72d1-446a-b290-807f3b1cc19c,30bb7241-c4aa-4d61-ba68-9eeffa94c335,IMG_1929.JPG,"Harry Sonntag 0,15 € x 5 0,75 AM",Harry Sonntag,5.0,piece,0.75,,0.9,False,"Sauerkirsche gezuckert, Konserve, abgetropft [bls_code=F212902] conf=0.73 (fuzzy)","Sauerkirsche gezuckert, Konserve, abgetropft (0.73) | Sherry medium dry (0.73) | Sauerkirsche roh (0.73) | Süßkirsche roh (0.73) | Sherry sweet (0.73)",,,other,Edeka,,good
afc3e0a0-413f-45c3-9895-d152be5d0a74,30bb7241-c4aa-4d61-ba68-9eeffa94c335,IMG_1929.JPG,"/ THUER ,METT/HACKEP. 1,20 AM","THUER ,METT/HACKEP",1.0,piece,1.2,,0.5,True,Streichmettwurst/Streichmettwurst mit Zwiebeln [bls_code=W112200] conf=0.85 (fuzzy),"Streichmettwurst/Streichmettwurst mit Zwiebeln (0.85) | Mettwurst gekocht (0.85) | Schwein Schmetterlingssteak, roh (0.85) | Limette roh (0.85) | Schmierwurst fettreich (0.85)",,,other,Edeka,,good
c6fdcaf2-284c-49fb-88f1-c1f715c64821,30bb7241-c4aa-4d61-ba68-9eeffa94c335,IMG_1929.JPG,"| THUER.METT/HACKEP, 1,21 AW",THUER.METT/HACKEP,1.0,piece,1.21,,0.5,True,Streichmettwurst/Streichmettwurst mit Zwiebeln [bls_code=W112200] conf=0.85 (fuzzy),"Streichmettwurst/Streichmettwurst mit Zwiebeln (0.85) | Mettwurst gekocht (0.85) | Schwein Schmetterlingssteak, roh (0.85) | Limette roh (0.85) | Schmierwurst fettreich (0.85)",,,other,Edeka,,good
b5b14672-8439-41f0-aeef-9c6059ca3c69,30bb7241-c4aa-4d61-ba68-9eeffa94c335,IMG_1929.JPG,"_ GURKEN ‚ 0,49€x% 2 0,98 AM",GURKEN ‚,2.0,piece,0.98,,0.9,False,Gurke roh [bls_code=G520100] conf=0.85 (fuzzy),Gurke roh (0.85) | Gurke gesäuert (Gewürzgurke) abgetropft (0.85) | Gurke gedünstet (0.85) | Gemüsesaft aus Gurke (0.85) | Gurke gekocht (0.85),Gurken [off_id=8480000295408] conf=0.86 (fuzzy),Cornichons Gurken (0.85) | Gurken (0.86) | Gewürzgurken (0.85) | KNAX Gewürzgurken (0.85) | Snack-Gurken (0.85),vegetable,Edeka,,good
adedcd12-0740-413c-8770-fd0b07183fbe,30bb7241-c4aa-4d61-ba68-9eeffa94c335,IMG_1929.JPG,"‚ Vand.Mai Gouda 2,58 AW",Vand.Mai Gouda,1.0,piece,2.58,,0.5,True,Mais roh [bls_code=C341000] conf=0.86 (fuzzy),Mais roh (0.86) | Mais Mehl (0.86) | Mais Stärke (0.86) | Mais Grieß (0.86) | Mais Grütze (0.86),,,other,Edeka,,good
dd81621a-b787-4bdd-bffe-e5c490505d2f,0c84d1cd-e2b1-4873-af7a-31d06e600720,IMG_1937.PNG,"Bulgur Rote Beete 2,49 B",Bulgur Rote Beete,1.0,piece,2.49,,0.5,True,"Rote Rübe/Rote Bete, roh [bls_code=G613100] conf=0.89 (fuzzy)","Rote Rübe/Rote Bete, roh (0.89) | Rote Rübe/Rote Bete, gedünstet (0.89) | Rote-Bete-Gemüse gedünstet (0.89) | Gemüsesaft aus Rote Rübe/Rote Bete (0.89) | Rote Rübe/Rote Bete, gekocht (0.89)",Rote Beete Bulgur Salat [off_id=4260232639478] conf=0.85 (fuzzy),Rote Beete Bulgur Salat (0.85),other,Kaufland,2026-06-15,good
2d0ab919-23f3-4b5c-9972-6c76d9ffd534,b8398cde-f425-4a5c-985f-7f40f2c6276e,Netto_Kassenbon_20260702-191137.pdf,Favora Topa 3lg. 10x220BL,Favora Topa 3lg. 10x220BL,1.0,piece,3.85,,0.9,False,Altbier [bls_code=P153000] conf=0.85 (fuzzy),"Altbier (0.85) | Rind Oberschale, roh (0.85) | Rind Roulade (Oberschale) roh (0.85) | Hamburger Rauchfleisch (Rind Oberschale) Rohpökelware, geräuchert (0.85) | Altbierbowle (0.85)",,,other,Netto,2026-07-02,good
f24d9a9a-8fa0-4922-a4e0-b17c395037fa,b8398cde-f425-4a5c-985f-7f40f2c6276e,Netto_Kassenbon_20260702-191137.pdf,Pri.Zugb.muellbtl.25x60L,Pri.Zugb.muellbtl.25,60.0,l,1.89,,0.9,False,"Rind Hochrippe, roh [bls_code=U235100] conf=0.75 (fuzzy)","Rind Hochrippe, roh (0.75) | Rind Hochrippe, gebraten ohne Fett (Ofen) (0.75) | Rind Hochrippe, gekocht (0.75) | Rind Hochrippe, geschmort ohne Fett (0.75) | Pariser Käsecremesuppe (mit Schmelzkäse) (0.75)",,,other,Netto,2026-07-02,good
75364570-9157-417c-8ed2-4165a77d6298,b8398cde-f425-4a5c-985f-7f40f2c6276e,Netto_Kassenbon_20260702-191137.pdf,BesteErnte Himbeeren 500g,BesteErnte Himbeeren,500.0,g,4.99,,0.9,False,Himbeere roh [bls_code=F302100] conf=0.85 (fuzzy),"Himbeere roh (0.85) | Wald-Himbeere roh (0.85) | Weizenbier kristallklar (0.85) | Hefeweizen/Weizenbier, naturtrüb (0.85) | Export hell (0.85)",,,fruit,Netto,2026-07-02,good
4cb8bdaf-233b-4ddf-b22c-beedf7bcedc5,b8398cde-f425-4a5c-985f-7f40f2c6276e,Netto_Kassenbon_20260702-191137.pdf,Ostm.Paprika ger. gem.50g,Ostm.Paprika ger. gem,50.0,g,2.59,,0.9,False,Weizen Keim [bls_code=C114000] conf=0.86 (fuzzy),"Weizen Keim (0.86) | Weizenkeimöl (0.86) | Roggenvollkornknäckebrot mit Leinsamen und Weizenkeimen (0.86) | Eierteigwaren mit Weizenkeimen, roh (0.86) | Eierteigwaren mit Weizenkeimen, gekocht (0.86)",,,vegetable,Netto,2026-07-02,good
dcb6f9be-4339-43ff-81bd-2d586f0bc6c0,cc8c3543-623d-4ff6-ae83-a22028742571,Netto_Kassenbon_20260707-180115.pdf,Beste Ernte Kichererbsen 265g,Beste Ernte Kichererbsen,265.0,g,0.59,,0.9,False,"Rote Rübe/Rote Bete, roh [bls_code=G613100] conf=0.89 (fuzzy)","Rote Rübe/Rote Bete, roh (0.89) | Ente Leber, roh (0.89) | Ente Fleisch, mit Haut, roh (0.89) | Ente Innereien, roh (0.89) | Ente Fleisch, ohne Haut, roh (0.89)","Kichererbsen, BESTE ERNTE [off_id=4316268577298] conf=0.85 (fuzzy)","Kichererbsen, BESTE ERNTE (0.85) | Kichererbsen 265 (0.85) | Kichererbsen (0.85) | Kichererbsen (0.85) | Kichererbsen kleine Dosen (0.85)",other,Netto,2026-07-07,good
45e66d24-8b19-45e7-9019-73f10fb8d2ba,cc8c3543-623d-4ff6-ae83-a22028742571,Netto_Kassenbon_20260707-180115.pdf,Beste Ernte Kidneybohnen 255g,Beste Ernte Kidneybohnen,255.0,g,0.69,,0.9,False,"Rote Rübe/Rote Bete, roh [bls_code=G613100] conf=0.89 (fuzzy)","Rote Rübe/Rote Bete, roh (0.89) | Ente Leber, roh (0.89) | Ente Fleisch, mit Haut, roh (0.89) | Ente Innereien, roh (0.89) | Ente Fleisch, ohne Haut, roh (0.89)",Kidney Bohnen [off_id=4316268668286] conf=0.85 (fuzzy),Kidney Bohnen (0.85) | Kidneybohnen (0.85) | Chili Beans (0.60) | Konserve Kidneybohnen (0.85) | Chili Beans (0.60),protein,Netto,2026-07-07,good
97246d4b-c38d-43e9-be02-7bb5ab8c85b6,cc8c3543-623d-4ff6-ae83-a22028742571,Netto_Kassenbon_20260707-180115.pdf,Irische Butter Kerrygold 250g,Irische Butter Kerrygold,250.0,g,1.49,,0.9,False,Kirsche kandiert (Belegkirsche) [bls_code=S472200] conf=0.86 (fuzzy),Kirsche kandiert (Belegkirsche) (0.86) | Fruchtsaftgetränk Kirsche (0.86) | Buttermilchpulver (0.85) | Butterkekse/Butterplätzchen (Mürbeteig) (0.85) | Kopfsalat roh (0.85),Kerrygold Irische Butter [off_id=4001954161904] conf=0.85 (fuzzy),Kerrygold Irische Butter (0.85) | Irische Butter gesalzen (0.85) | Kerrygold original irische Süßrahm-Butter (0.85) | Original irische Süßrahmbutter (0.85) | Original irische Kräuterbutter (0.85),dairy,Netto,2026-07-07,good
ece54d8d-31dd-46b8-9ccf-a081e05abced,cc8c3543-623d-4ff6-ae83-a22028742571,Netto_Kassenbon_20260707-180115.pdf,Bio BB Feta 200g,Bio BB Feta,200.0,g,2.69,,0.9,False,Feta mind. 45 % Fett i. Tr. [bls_code=M012200] conf=0.85 (fuzzy),"Feta mind. 45 % Fett i. Tr. (0.85) | Schafskäse (Feta) mit Tomaten und Oliven gebacken (0.85) | Roquefort mind. 50 % Fett i. Tr. (0.75) | Gorgonzola mind. 48 % Fett i. Tr. (0.75) | Schaf Brust, fett, roh (0.75)",,,other,Netto,2026-07-07,good
1be0e269-aa35-4dbf-8f5e-9045a652cc0f,cc8c3543-623d-4ff6-ae83-a22028742571,Netto_Kassenbon_20260707-180115.pdf,Bio Paprika Mix 400g,Bio Paprika Mi,400.0,g,1.99,,0.9,False,"Gemüsepaprika grün, roh [bls_code=G541100] conf=0.85 (fuzzy)","Gemüsepaprika grün, roh (0.85) | Gemüsepaprika rot, roh (0.85) | Gemüsepaprika gelb, roh (0.85) | Gemüsepaprika grün, geschmort ohne Fett (0.85) | Paprika gedünstet (mit Fett und Salz) (0.85)",Stone ground chips paprika [off_id=7640102310992] conf=0.85 (fuzzy),Stone ground chips paprika (0.85),vegetable,Netto,2026-07-07,good
6a4c07c6-d254-4ca4-8e3d-9f319ad1551b,cc8c3543-623d-4ff6-ae83-a22028742571,Netto_Kassenbon_20260707-180115.pdf,Minigurken 750g,Minigurken,750.0,g,1.99,,0.9,False,Roquefort mind. 50 % Fett i. Tr. [bls_code=M012100] conf=0.85 (fuzzy),Roquefort mind. 50 % Fett i. Tr. (0.85) | Gorgonzola mind. 48 % Fett i. Tr. (0.85) | Feta mind. 45 % Fett i. Tr. (0.85) | Edelpilzkäse mind. 50 % Fett i. Tr. (0.85) | Edelpilzkäse mind. 45 % Fett i. Tr. (0.85),Minigurken [off_id=4063367308642] conf=1.00 (exact),"Minigurken Klasse 1 (0.85) | Minigurken (1.00) | Boosty Bites, Minigurken (0.85) | Minigurken (1.00) | Minigurken (1.00)",vegetable,Netto,2026-07-07,good
0a2f3d61-f330-4467-a612-2a3bb0d67dc6,cc8c3543-623d-4ff6-ae83-a22028742571,Netto_Kassenbon_20260707-180115.pdf,Minipflaumen Tomaten 500g,Minipflaumen Tomaten,500.0,g,1.99,,0.9,False,Roquefort mind. 50 % Fett i. Tr. [bls_code=M012100] conf=0.85 (fuzzy),Roquefort mind. 50 % Fett i. Tr. (0.85) | Gorgonzola mind. 48 % Fett i. Tr. (0.85) | Feta mind. 45 % Fett i. Tr. (0.85) | Edelpilzkäse mind. 50 % Fett i. Tr. (0.85) | Edelpilzkäse mind. 45 % Fett i. Tr. (0.85),,Minipflaumen Rispentomaten (0.87) | Minipflaumen tomaten (1.00),vegetable,Netto,2026-07-07,good
edf22484-658c-4782-b921-d16f8dfa320e,cc8c3543-623d-4ff6-ae83-a22028742571,Netto_Kassenbon_20260707-180115.pdf,Bananen Lose MT,Bananen Lose MT,1.266,kg,1.63,,0.9,False,Banane roh [bls_code=F503100] conf=0.85 (fuzzy),"Banane roh (0.85) | Bananenchips frittiert, gesüßt (0.85) | Fruchtmischung (Apfel, Banane, Mandarine) ungesüßt (0.85) | Banane getrocknet (0.85) | Bananennektar (0.85)",,,fruit,Netto,2026-07-07,good
7e6ee9c0-9991-4ad7-bd58-9eb3c91dea3a,cc8c3543-623d-4ff6-ae83-a22028742571,Netto_Kassenbon_20260707-180115.pdf,Lauchzwiebeln,Lauchzwiebeln,1.0,piece,0.55,,0.9,False,"Porree/Lauch, roh [bls_code=G470100] conf=0.85 (fuzzy)","Porree/Lauch, roh (0.85) | Schwein Bauch (wie gewachsen) roh (0.85) | Streichmettwurst/Streichmettwurst mit Zwiebeln (0.85) | Frühlingszwiebel/Lauchzwiebel, roh (0.85) | Frühlingszwiebel/Lauchzwiebel (ohne Laub) roh (0.85)","Couscoussalat mit Paprika, Salzlakenkäse und Lauchzwiebeln [off_id=4337256035347] conf=0.85 (fuzzy)","Couscoussalat mit Paprika, Salzlakenkäse und Lauchzwiebeln (0.85) | Obazda Lauchzwiebeln (0.85) | Bulgursalat mit Lauchzwiebeln und Gemüse (0.85) | Bulgursalat mit Lauchzwiebeln und Gemüse (0.85) | Lauchzwiebeln (1.00)",vegetable,Netto,2026-07-07,good
30b46fef-1ce4-48a9-a2d8-0cc8f38602f9,cc8c3543-623d-4ff6-ae83-a22028742571,Netto_Kassenbon_20260707-180115.pdf,Apfel Pink Lady Lose,Apfel Pink Lady Lose,0.182,kg,0.54,,0.9,False,Apfelwein [bls_code=P353100] conf=0.85 (fuzzy),Apfelwein (0.85) | Apfel roh (0.85) | Apfel getrocknet (0.85) | Granatapfel roh (0.85) | Apfelessig (0.85),,,fruit,Netto,2026-07-07,good
c90aacff-eb4a-4099-9997-d385d3fceb9c,34440959-7870-49fe-85cd-7a227d4cbb39,Netto_Kassenbon_20260709-172131.pdf,VL Eier FH 10ST,VL Eier FH,10.0,piece,2.99,,0.9,False,"Rhabarberkompott mit einer Zuckerart und Süßungsmitteln, Konserve [bls_code=F957900] conf=0.89 (fuzzy)","Rhabarberkompott mit einer Zuckerart und Süßungsmitteln, Konserve (0.89) | Preiselbeere mit einer Zuckerart und Süßungsmitteln (mit Pektin) Konserve (0.89) | Eierteigwaren roh (0.85) | Eierteigwaren Tortellini (Fleischfüllung) getrocknet (0.85) | Eierteigwaren Tortelloni (Ricotta-Spinat-Füllung) getrocknet (0.85)",,,protein,Netto,2026-07-09,good
1d24e3f8-23b8-44e2-8301-1e005e880436,34440959-7870-49fe-85cd-7a227d4cbb39,Netto_Kassenbon_20260709-172131.pdf,LiekenUrkornMehrkorn500g,LiekenUrkornMehrkorn,500.0,g,1.49,,0.9,False,"Hafer ganzes Korn, roh [bls_code=C131000] conf=0.85 (fuzzy)","Hafer ganzes Korn, roh (0.85) | Gerste ganzes Korn, roh (0.85) | Getreidebrand (Korn) (0.85) | Weizen ganzes Korn, roh (0.85) | Dinkel ganzes Korn, roh (0.85)",,,other,Netto,2026-07-09,good
6235094a-2a6b-4e85-b71e-aabefd52b123,34440959-7870-49fe-85cd-7a227d4cbb39,Netto_Kassenbon_20260709-172131.pdf,Ostmann.Oregano gerebelt.25g,Ostmann.Oregano gerebelt,25.0,g,2.99,,0.9,False,Bel Paese mind. 50 % Fett i. Tr. [bls_code=M619700] conf=0.85 (fuzzy),"Bel Paese mind. 50 % Fett i. Tr. (0.85) | Kokos Fruchtfleisch, geraspelt, getrocknet (0.71) | Rotbarsch/Goldbarsch, roh (0.67) | Fenchelblatt/Bologneser Fenchel, roh (0.67) | Veganes Schnitzel (0.67)",,,other,Netto,2026-07-09,good
1be4f37d-4e2c-45c1-b97f-3acfe85da251,34440959-7870-49fe-85cd-7a227d4cbb39,Netto_Kassenbon_20260709-172131.pdf,Ostm.Rosmarin geschn.50g,Ostm.Rosmarin geschn,50.0,g,2.99,,0.9,False,Rindergeschnetzeltes [bls_code=Y144512] conf=0.85 (fuzzy),"Rindergeschnetzeltes (0.85) | Lammrücken gebraten im Ofen, mit Rosmarin und Sauce (0.85) | Rinderlebergeschnetzeltes, mit Grundsauce dunkel/braun (0.85) | Kalbsnierengeschnetzeltes mit Grundsauce dunkel/braun (0.85) | Tomatengemüse gedünstet, mit Rosmarin und Salbei (0.85)",,,other,Netto,2026-07-09,good
350f554f-ee1d-4830-a22f-a7a0d037ca20,34440959-7870-49fe-85cd-7a227d4cbb39,Netto_Kassenbon_20260709-172131.pdf,AIRWAVESCoolCassis50ST,AIRWAVESCoolCassis,50.0,piece,2.95,,0.9,False,"Mettwurst luftgetrocknet, energiereduziert [bls_code=W153100] conf=0.85 (fuzzy)","Mettwurst luftgetrocknet, energiereduziert (0.85) | Mettwurst luftgetrocknet (0.85) | Schinkenplockwurst/Schinkenplockwurst luftgetrocknet (0.85) | Schokoladeneis (0.50) | Walnusseis (0.50)",,,other,Netto,2026-07-09,good
c6afbb70-9b4c-493d-ba6b-39e4ff926e0f,4e42fe7b-680a-4843-9139-e92784c3cc31,Netto_Kassenbon_20260713-170620.pdf,Beste Ernte Kidneybohnen 255g,Beste Ernte Kidneybohnen,255.0,g,0.69,,0.9,False,"Rote Rübe/Rote Bete, roh [bls_code=G613100] conf=0.89 (fuzzy)","Rote Rübe/Rote Bete, roh (0.89) | Ente Leber, roh (0.89) | Ente Fleisch, mit Haut, roh (0.89) | Ente Innereien, roh (0.89) | Ente Fleisch, ohne Haut, roh (0.89)",Kidney Bohnen [off_id=4316268668286] conf=0.85 (fuzzy),Kidney Bohnen (0.85) | Kidneybohnen (0.85) | Chili Beans (0.60) | Konserve Kidneybohnen (0.85) | Chili Beans (0.60),protein,Netto,2026-07-13,good
f4da6489-95ec-415e-8272-e017f469b7d6,4e42fe7b-680a-4843-9139-e92784c3cc31,Netto_Kassenbon_20260713-170620.pdf,VL Eier FH 10ST,VL Eier FH,10.0,piece,2.99,,0.9,False,"Rhabarberkompott mit einer Zuckerart und Süßungsmitteln, Konserve [bls_code=F957900] conf=0.89 (fuzzy)","Rhabarberkompott mit einer Zuckerart und Süßungsmitteln, Konserve (0.89) | Preiselbeere mit einer Zuckerart und Süßungsmitteln (mit Pektin) Konserve (0.89) | Eierteigwaren roh (0.85) | Eierteigwaren Tortellini (Fleischfüllung) getrocknet (0.85) | Eierteigwaren Tortelloni (Ricotta-Spinat-Füllung) getrocknet (0.85)",,,protein,Netto,2026-07-13,good
15603730-0ae4-452d-a56c-abece0adcc8f,4e42fe7b-680a-4843-9139-e92784c3cc31,Netto_Kassenbon_20260713-170620.pdf,Beste Ernte Kichererbsen 265g,Beste Ernte Kichererbsen,265.0,g,0.59,,0.9,False,"Rote Rübe/Rote Bete, roh [bls_code=G613100] conf=0.89 (fuzzy)","Rote Rübe/Rote Bete, roh (0.89) | Ente Leber, roh (0.89) | Ente Fleisch, mit Haut, roh (0.89) | Ente Innereien, roh (0.89) | Ente Fleisch, ohne Haut, roh (0.89)","Kichererbsen, BESTE ERNTE [off_id=4316268577298] conf=0.85 (fuzzy)","Kichererbsen, BESTE ERNTE (0.85) | Kichererbsen 265 (0.85) | Kichererbsen (0.85) | Kichererbsen (0.85) | Kichererbsen kleine Dosen (0.85)",other,Netto,2026-07-13,good
34d777b0-3c3d-4289-bb97-7bda672883ab,4e42fe7b-680a-4843-9139-e92784c3cc31,Netto_Kassenbon_20260713-170620.pdf,Lieken Urkorn Fitnessbrot 500g,Lieken Urkorn Fitnessbrot,500.0,g,1.89,,0.9,False,"Hafer ganzes Korn, roh [bls_code=C131000] conf=0.85 (fuzzy)","Hafer ganzes Korn, roh (0.85) | Gerste ganzes Korn, roh (0.85) | Gemüsepaprika rot, roh (0.85) | Johannisbeere rot, roh (0.85) | Pfefferschote rot, roh (0.85)",Fitnessbrot mit 5 % Ölsaaten [off_id=4009249002277] conf=0.85 (fuzzy),Fitnessbrot mit 5 % Ölsaaten (0.85),grain,Netto,2026-07-13,good
075c47b9-f6e9-4543-ab3c-620dbd9384a7,4e42fe7b-680a-4843-9139-e92784c3cc31,Netto_Kassenbon_20260713-170620.pdf,Bio BB Feta 200g,Bio BB Feta,200.0,g,2.42,,0.9,False,Feta mind. 45 % Fett i. Tr. [bls_code=M012200] conf=0.85 (fuzzy),"Feta mind. 45 % Fett i. Tr. (0.85) | Schafskäse (Feta) mit Tomaten und Oliven gebacken (0.85) | Roquefort mind. 50 % Fett i. Tr. (0.75) | Gorgonzola mind. 48 % Fett i. Tr. (0.75) | Schaf Brust, fett, roh (0.75)",,,other,Netto,2026-07-13,good
4a390def-2faf-4a85-8b10-d2a5f4d43bb7,4e42fe7b-680a-4843-9139-e92784c3cc31,Netto_Kassenbon_20260713-170620.pdf,Paprika rot 500g,Paprika rot,500.0,g,1.79,,0.9,False,"Gemüsepaprika rot, roh [bls_code=G543100] conf=1.00 (fuzzy)","Gemüsepaprika rot, roh (1.00) | Johannisbeere rot, roh (1.00) | Pfefferschote rot, roh (1.00) | Linse rot reif (1.00) | Weintraube rot, roh (1.00)",,"Paprika rot (1.00) | Mini Paprika rot, kernlos (1.00) | Paprika rot (1.00) | Paprika rot (1.00) | Premium Paprika rot, spitz extra süss (1.00)",vegetable,Netto,2026-07-13,good
6be1e416-52cc-4ec3-b9ff-e47d04752a72,4e42fe7b-680a-4843-9139-e92784c3cc31,Netto_Kassenbon_20260713-170620.pdf,Bio Naturland Speisem. 1kg,Bio Naturland Speisem,1.0,kg,1.97,,0.9,False,"Schwein Speck, ohne Schwartenzug (S VII) roh [bls_code=U605700] conf=0.85 (fuzzy)","Schwein Speck, ohne Schwartenzug (S VII) roh (0.85) | Eierteigwaren Tortelloni (Ricotta-Spinat-Füllung) getrocknet (0.85) | Roggenmischbrot (0.85) | Cerealien aus Vollkornweizenschrot, gesüßt, ungefüllt, Natur/Frucht/Schokolade (0.85) | Sojakochcreme (0.85)",,,other,Netto,2026-07-13,good
49e3b20f-83e7-430a-877a-1436fea2917e,4e42fe7b-680a-4843-9139-e92784c3cc31,Netto_Kassenbon_20260713-170620.pdf,Bio NL Zucchini 500g,Bio NL Zucchini,500.0,g,1.61,,0.9,False,Zucchini roh [bls_code=G582100] conf=0.85 (fuzzy),Zucchini roh (0.85) | Zucchini gedünstet (mit Fett und Salz) (0.85) | Zucchini gedünstet (0.85) | Zucchini gegrillt (0.85) | Zucchini geschmort ohne Fett (0.85),,,other,Netto,2026-07-13,good
50d00a4a-f7d8-4b55-9c1b-b1dfea827217,4e42fe7b-680a-4843-9139-e92784c3cc31,Netto_Kassenbon_20260713-170620.pdf,Bananen Lose MT,Bananen Lose MT,0.958,kg,1.24,,0.9,False,Banane roh [bls_code=F503100] conf=0.85 (fuzzy),"Banane roh (0.85) | Bananenchips frittiert, gesüßt (0.85) | Fruchtmischung (Apfel, Banane, Mandarine) ungesüßt (0.85) | Banane getrocknet (0.85) | Bananennektar (0.85)",,,fruit,Netto,2026-07-13,good
6e5d92d7-d169-465c-b770-c7482bc47fae,4e42fe7b-680a-4843-9139-e92784c3cc31,Netto_Kassenbon_20260713-170620.pdf,Lauchzwiebeln,Lauchzwiebeln,1.0,piece,0.69,,0.9,False,"Porree/Lauch, roh [bls_code=G470100] conf=0.85 (fuzzy)","Porree/Lauch, roh (0.85) | Schwein Bauch (wie gewachsen) roh (0.85) | Streichmettwurst/Streichmettwurst mit Zwiebeln (0.85) | Frühlingszwiebel/Lauchzwiebel, roh (0.85) | Frühlingszwiebel/Lauchzwiebel (ohne Laub) roh (0.85)","Couscoussalat mit Paprika, Salzlakenkäse und Lauchzwiebeln [off_id=4337256035347] conf=0.85 (fuzzy)","Couscoussalat mit Paprika, Salzlakenkäse und Lauchzwiebeln (0.85) | Obazda Lauchzwiebeln (0.85) | Bulgursalat mit Lauchzwiebeln und Gemüse (0.85) | Bulgursalat mit Lauchzwiebeln und Gemüse (0.85) | Lauchzwiebeln (1.00)",vegetable,Netto,2026-07-13,good
0f3d1d00-e6e8-4e7c-abf4-0d18eee78d3b,4e42fe7b-680a-4843-9139-e92784c3cc31,Netto_Kassenbon_20260713-170620.pdf,Broccoli 500g VKE,Broccoli   VKE,500.0,g,1.11,,0.9,False,Broccoli roh [bls_code=G312100] conf=0.85 (fuzzy),"Broccoli roh (0.85) | Romanesco roh (0.85) | Broccoli gebraten ohne Fett (Pfanne) (0.85) | Romanesco gebacken (0.85) | Broccoli gedünstet, mit gerösteten Mandelblättchen (0.85)",,,other,Netto,2026-07-13,good
57ee92b3-7727-471f-9e76-4ded987e520b,4e42fe7b-680a-4843-9139-e92784c3cc31,Netto_Kassenbon_20260713-170620.pdf,Bio BB SB R-Hackfl.400g,Bio BB SB R-Hackfl,400.0,g,5.84,,0.9,False,"Schwein Hackfleisch, roh [bls_code=U020100] conf=0.85 (fuzzy)","Schwein Hackfleisch, roh (0.85) | Rind Hackfleisch, roh (0.85) | Schwein Hackfleisch, tiefgefroren (0.85) | Schwein Hackfleisch, geschmort ohne Fett (0.85) | Schwein Hackfleisch, gebraten ohne Fett (Pfanne) (0.85)",,,other,Netto,2026-07-13,good
e6eef507-7a5c-4b7e-870e-32aebd62f7bf,93fe7ca9-440a-448a-ab79-0d6024d6b114,Netto_Kassenbon_20260714-133412.pdf,Carat Jodsalz mit Fluorid 500g,Carat Jodsalz mit Fluorid,500.0,g,0.29,,0.9,False,"Milchpulver mit hohem Fettgehalt (Sahnepulver, Rahmpulver) [bls_code=M881000] conf=1.00 (fuzzy)","Milchpulver mit hohem Fettgehalt (Sahnepulver, Rahmpulver) (1.00) | Spirituosen mit Kümmel/Aquavit (1.00) | Spirituosen mit Wacholder (1.00) | Spirituosen mit Anis (1.00) | Spirituosen mit bitterem Geschmack (Bitter) (1.00)",Jodsalz mit Fluorid [off_id=4316268362443] conf=1.00 (fuzzy),Jodsalz mit Fluorid (1.00),other,Netto,2026-07-14,good
4824d78b-1d66-4f7d-85a0-6065c5be60e5,93fe7ca9-440a-448a-ab79-0d6024d6b114,Netto_Kassenbon_20260714-133412.pdf,Clarkys Walnusskerne 200g,Clarkys Walnusskerne,200.0,g,2.99,,0.9,False,Nuss-Nougat-Creme [bls_code=S145000] conf=0.85 (fuzzy),"Nuss-Nougat-Creme (0.85) | Schwein Nuss, roh (0.85) | Walnuss (0.85) | Schwein Bratenfleisch (Nuss) roh (0.85) | Schwein Schnitzel (Nuss) roh (0.85)",Walnusskerne [off_id=4316268681483] conf=0.85 (fuzzy),"Walnusskerne (0.85) | Feinste Nusskern-Mischung, ungesalzen (0.85) | Walnusskerne (0.85) | Walnusskerne (0.85) | Walnuss Kerne (0.85)",other,Netto,2026-07-14,good
ddd5d4a3-d269-409e-af33-8a672e02f0af,93fe7ca9-440a-448a-ab79-0d6024d6b114,Netto_Kassenbon_20260714-133412.pdf,Clarkys Cashewkerne 200g,Clarkys Cashewkerne,200.0,g,2.89,,0.9,False,Cashewkern [bls_code=H170100] conf=0.85 (fuzzy),"Cashewkern (0.85) | Cashewnussmus (0.85) | Käsealternative, Basis Cashewkerne, vegan (0.85) | Cashewkern geröstet mit Fett (0.85) | Cashewkern geröstet ohne Fett (0.85)",Cashewkerne ungesalzen [off_id=4316268630757] conf=0.85 (fuzzy),Knabber-Nüsse ungesalzen (0.33) | Cashews geroestet ungesalzen (0.67) | Cashewkerne ungesalzen (0.85) | Just Roasted - Cashewkerne (0.85) | Cashews geröstet und gesalzen (0.67),other,Netto,2026-07-14,good
993b77a1-c4b7-4390-8480-03ad8d1263ca,93fe7ca9-440a-448a-ab79-0d6024d6b114,Netto_Kassenbon_20260714-133412.pdf,VL Eier FH 10ST,VL Eier FH,10.0,piece,2.99,,0.9,False,"Rhabarberkompott mit einer Zuckerart und Süßungsmitteln, Konserve [bls_code=F957900] conf=0.89 (fuzzy)","Rhabarberkompott mit einer Zuckerart und Süßungsmitteln, Konserve (0.89) | Preiselbeere mit einer Zuckerart und Süßungsmitteln (mit Pektin) Konserve (0.89) | Eierteigwaren roh (0.85) | Eierteigwaren Tortellini (Fleischfüllung) getrocknet (0.85) | Eierteigwaren Tortelloni (Ricotta-Spinat-Füllung) getrocknet (0.85)",,,protein,Netto,2026-07-14,good
97ceedee-30f5-48d3-8e56-2a865851bd6e,93fe7ca9-440a-448a-ab79-0d6024d6b114,Netto_Kassenbon_20260714-133412.pdf,Tomaten-Mix 500g VKE,Tomaten-Mix   VKE,500.0,g,2.79,,0.9,False,"Knuspermüslimischung, klassisch, gesüßt, angereichert mit Vitaminen und Mineralstoffen [bls_code=C514300] conf=1.00 (fuzzy)","Knuspermüslimischung, klassisch, gesüßt, angereichert mit Vitaminen und Mineralstoffen (1.00) | Fruchtmischung (Apfel, Banane, Mandarine) ungesüßt (1.00) | Mehlmischung für Kuchen glutenfrei (1.00) | Müslimischung Bircher Art (mit Trockenfrüchten und Nüssen) ungesüßt (1.00) | Studentenfutter (1.00)",,,vegetable,Netto,2026-07-14,good
3bcc431a-aa15-4d16-8163-ea6406b7f6a1,33275a24-9b52-4be6-b4aa-24302b613a7e,Netto_Kassenbon_20260716-095742.pdf,GT Toast sort. 250g,GT Toast sort,250.0,g,1.29,,0.9,False,Nori-Blatt geröstet [bls_code=G995000] conf=0.85 (fuzzy),"Nori-Blatt geröstet (0.85) | Kartoffelchips/Stapelchips, diverse Sorten (0.85) | Weizentoastbrot/Buttertoastbrot (0.85) | Englische Muffins/Toasties (Hefeteig) gebraten ohne Fett (Pfanne) (0.85) | Weizentoastbrot mit Roggen (0.85)",,,other,Netto,2026-07-16,good
802cae95-5985-4dc0-bd1c-37a48b60448e,33275a24-9b52-4be6-b4aa-24302b613a7e,Netto_Kassenbon_20260716-095742.pdf,GW Hummus Pikant 200 G,GW Hummus Pikant,200.0,g,0.99,,0.9,False,Hummus/Kichererbsenmus [bls_code=H960000] conf=0.85 (fuzzy),"Hummus/Kichererbsenmus (0.85) | Gemüsewaffeln pikant (0.85) | Makrele gedünstet, pikante Art (0.85) | Sojaschnetzel/Sojagranulat, texturiert, trocken (0.73) | Dessert/Puddingalternative, pflanzlich (0.73)",,,other,Netto,2026-07-16,good
70aadb00-98d8-4023-9cda-5349a5e658f2,33275a24-9b52-4be6-b4aa-24302b613a7e,Netto_Kassenbon_20260716-095742.pdf,Bananen Lose MT,Bananen Lose MT,1.404,kg,1.81,,0.9,False,Banane roh [bls_code=F503100] conf=0.85 (fuzzy),"Banane roh (0.85) | Bananenchips frittiert, gesüßt (0.85) | Fruchtmischung (Apfel, Banane, Mandarine) ungesüßt (0.85) | Banane getrocknet (0.85) | Bananennektar (0.85)",,,fruit,Netto,2026-07-16,good
cfc0e7de-f3e5-46a0-b777-d2dc3009913d,1cc77841-5cc2-42fb-a4b4-dce2cbfa7dfe,WhatsApp Image 2026-07-05 at 11.02.48.jpeg,"Z EUR 13,36",Z EUR,1.0,piece,13.36,,0.5,True,Gänseleberpastete in der Kastenform gegart [bls_code=Y067643] conf=0.67 (fuzzy),"Gänseleberpastete in der Kastenform gegart (0.67) | Brätblock hell, zur Rouladenherstellung (0.67) | Cordon bleu von der Pute gebraten (0.67) | Schweineohren/Schweinsohren (Blätterteig) (0.67) | Brätblock dunkel, zur Rouladenherstellung (0.67)","Honig Bihophar Imker Honig Streichzart (8,58 Eur / 1 Kg) [off_id=40555584] conf=1.00 (fuzzy)","Honig Bihophar Imker Honig Streichzart (8,58 Eur / 1 Kg) (1.00) | Jack Daniels Tennessee Whisky 0,7L ( 36,32 Eur / Liter) (1.00) | Bohnentopf mexikanische Art (0.33) | Baktat Brotaufstrich Traubensirup (7,48 Eur / 1 Kg) (1.00) | Änglamark Brie 180g (0.29)",other,unknown,,good
55415a6a-eb59-4217-85f8-bef05ea805f0,c1b9409e-6f60-423d-9495-5a5339261809,WhatsApp Image 2026-07-16 at 13.05.02.jpeg,"Apfel rot süß 0,53 A",Apfel rot süß,0.232,kg,0.53,,0.5,True,"Gemüsepaprika rot, roh [bls_code=G543100] conf=1.00 (fuzzy)","Gemüsepaprika rot, roh (1.00) | Johannisbeere rot, roh (1.00) | Pfefferschote rot, roh (1.00) | Eberesche süß, roh (1.00) | Mandel süß (1.00)",,,fruit,Lidl,2026-07-15,good
c2cc29c7-bbc4-421f-b89e-33ff74cff0a3,c1b9409e-6f60-423d-9495-5a5339261809,WhatsApp Image 2026-07-16 at 13.05.02.jpeg,"Avocado vorger. 1,19x 2 2,38 A",Avocado vorger,2.0,piece,2.38,,0.9,False,Avocado roh [bls_code=F502100] conf=0.85 (fuzzy),Avocado roh (0.85) | Avocadocremesuppe (0.85) | Avocadocreme (Guacamole) (0.85) | Calvados (0.67) | Orangensaft (0.67),,,other,Lidl,2026-07-15,good
dc695d6e-811e-419e-8bc7-23b27a6f56a2,c1b9409e-6f60-423d-9495-5a5339261809,WhatsApp Image 2026-07-16 at 13.05.02.jpeg,"Bio Limetten 1,89 A",Bio Limetten,1.0,piece,1.89,,0.5,True,Limette roh [bls_code=F602100] conf=0.85 (fuzzy),"Limette roh (0.85) | Limettensaft (0.85) | Limettensaft Konzentrat (0.85) | Hackfleischteig roh (für Frikadellen, Buletten, Fleischklopse/-küchle/-pflanzerl) (0.75) | Sahneersatz (Mischung aus pflanzlichen Fetten und Milch) (0.71)",Limetten Saft [off_id=4003387006012] conf=0.85 (fuzzy),Limetten Saft (0.85) | Bio Limetten (1.00) | Bio-Fairtrade-Limetten (1.00) | Bio Limetten (1.00) | Limetten (0.85),other,Lidl,2026-07-15,good
f1f96eec-94fb-4209-8126-27b69dc8c7dd,5cc46c1d-f75c-46cd-9894-056033f665ac,WhatsApp Image 2026-07-16 at 13.05.29.jpeg,"Banane lose 1,14 A",Banane lose,0.886,kg,1.14,,0.5,True,Banane roh [bls_code=F503100] conf=0.85 (fuzzy),"Banane roh (0.85) | Bananenchips frittiert, gesüßt (0.85) | Kochbanane roh (0.85) | Fruchtmischung (Apfel, Banane, Mandarine) ungesüßt (0.85) | Banane getrocknet (0.85)",,,fruit,Lidl,2025-12-30,good
42ed564f-cad7-4143-bcb5-715b3e8d0a39,5cc46c1d-f75c-46cd-9894-056033f665ac,WhatsApp Image 2026-07-16 at 13.05.29.jpeg,"Lachsfilet mit Haut 21,74 A",Lachsfilet mit Haut,1.145,kg,21.74,,0.5,True,"Milchpulver mit hohem Fettgehalt (Sahnepulver, Rahmpulver) [bls_code=M881000] conf=1.00 (fuzzy)","Milchpulver mit hohem Fettgehalt (Sahnepulver, Rahmpulver) (1.00) | Spirituosen mit Kümmel/Aquavit (1.00) | Spirituosen mit Wacholder (1.00) | Spirituosen mit Anis (1.00) | Spirituosen mit bitterem Geschmack (Bitter) (1.00)",Frisches Lachsforellen-Filet mit Haut [off_id=4056489639992] conf=1.00 (fuzzy),Frisches Lachsforellen-Filet mit Haut (1.00) | Lachsfilet-Portion mit Haut aus Norwegen (1.00) | Norwegisches Lachsfilet mit Haut (1.00) | Lachsfilet Mit Haut Süß Sauer (1.00) | Norwegisches Lachsfilet mit Haut (1.00),protein,Lidl,2025-12-30,good
0ca84b13-b6fd-4517-86c2-6307aa16612b,5cc46c1d-f75c-46cd-9894-056033f665ac,WhatsApp Image 2026-07-16 at 13.05.29.jpeg,"Kohl Spitz 1,59 A",Kohl Spitz,1.142,kg,1.59,,0.5,True,Nuss-Spritzgebäck (Rührmasse) [bls_code=D753100] conf=0.91 (fuzzy),Nuss-Spritzgebäck (Rührmasse) (0.91) | Spritzgebäck mit Mandeln (Rührmasse) (0.91) | Nuss-Spritzgebäck (Rührmasse) schokoliert (0.91) | Spritzgebäck (Rührmasse) (0.91) | Spritzgebäck (Rührmasse) schokoliert (0.91),,,other,Lidl,2025-12-30,good
1680956f-629f-43b9-a47f-9095fcae06fc,5cc46c1d-f75c-46cd-9894-056033f665ac,WhatsApp Image 2026-07-16 at 13.05.29.jpeg,"Apfel grün 0,43 A",Apfel grün,1.0,piece,0.43,,0.5,True,"Gemüsepaprika grün, roh [bls_code=G541100] conf=0.85 (fuzzy)","Gemüsepaprika grün, roh (0.85) | Apfelwein (0.85) | Pfefferschote grün, roh (0.85) | Schwein Speck/Rückenspeck (grüner Speck) roh (0.85) | Apfel roh (0.85)",Giffard Apfel Grün (pomme Verte) Sirup Maxi [off_id=3180293501952] conf=0.85 (fuzzy),Giffard Apfel Grün (pomme Verte) Sirup Maxi (0.85),fruit,Lidl,2025-12-30,good
e37630cb-bac7-440a-b10b-d3695cf1db2c,5cc46c1d-f75c-46cd-9894-056033f665ac,WhatsApp Image 2026-07-16 at 13.05.29.jpeg,"Staudensellerie 1,11 A",Staudensellerie,1.0,piece,1.11,,0.5,True,"Rote-Bete-Salat (roh) mit Sellerie, Apfel und Joghurtmarinade [bls_code=X206750] conf=0.85 (fuzzy)","Rote-Bete-Salat (roh) mit Sellerie, Apfel und Joghurtmarinade (0.85) | Weißkrautsalat (gegart) mit rohem Mix aus Apfel-Karotte-Sellerie und Essigmarinade (0.85) | Sellerie-Lauchcremesuppe (0.85) | Sellerie gekocht, mit Sahne (0.85) | Knollensellerie roh (0.67)",STAUDENSELLERIE [off_id=7610029195484] conf=1.00 (exact),Bio Staudensellerie Klasse II (0.85) | Fränkische Stängel Staudensellerie (0.85) | STAUDENSELLERIE (1.00) | Staudensellerie Sticks (0.85) | Landgemüse (0.40),other,Lidl,2025-12-30,good
3c5503f6-1292-4759-bed6-8083db47d981,5cc46c1d-f75c-46cd-9894-056033f665ac,WhatsApp Image 2026-07-16 at 13.05.29.jpeg,"Avocado varger. 1,19 x 2 2,38 A",Avocado varger,2.0,piece,2.38,,0.9,False,Avocado roh [bls_code=F502100] conf=0.85 (fuzzy),"Avocado roh (0.85) | Avocadocremesuppe (0.85) | Avocadocreme (Guacamole) (0.85) | Schaf Bug/Schulter, mager, roh (0.73) | Schaf Hinterhaxe, mager, roh (0.73)",,,other,Lidl,2025-12-30,good
f671059f-c702-4606-9112-16174aea89a9,5cc46c1d-f75c-46cd-9894-056033f665ac,WhatsApp Image 2026-07-16 at 13.05.29.jpeg,"Bio Birnen 500g 2,19 A",Bio Birnen,500.0,g,2.19,,0.9,False,Birne roh [bls_code=F130100] conf=0.85 (fuzzy),Birne roh (0.85) | Birnenkraut (0.85) | Birne gedünstet (0.85) | Birnensaft (0.85) | Birnenkraut (ohne Zuckerzusatz) (0.85),Birnen Saft klar [off_id=4104420070226] conf=0.85 (fuzzy),Bio Demeter Birnen (1.00) | Bio - Birnen &quot;Dr.Guyot&quot; (1.00) | Birnen Saft klar (0.85) | Birnen (0.85) | Himbeer holunder (0.31),fruit,Lidl,2025-12-30,good
94f16c40-75fb-408a-a5cd-f41914c0bd34,5cc46c1d-f75c-46cd-9894-056033f665ac,WhatsApp Image 2026-07-16 at 13.05.29.jpeg,"Bio Broccoli 1,99 x 2 3,98 A",Bio Broccoli,2.0,piece,3.98,,0.9,False,Broccoli roh [bls_code=G312100] conf=0.85 (fuzzy),"Broccoli roh (0.85) | Romanesco roh (0.85) | Broccoli gebraten ohne Fett (Pfanne) (0.85) | Romanesco gebacken (0.85) | Broccoli gedünstet, mit gerösteten Mandelblättchen (0.85)","Duo de fleurettes brocolis, chou-fleur Bio [off_id=3270160757046] conf=1.00 (fuzzy)","Duo de fleurettes brocolis, chou-fleur Bio (1.00) | Bio Broccoli (1.00) | Broccoli (0.85) | Broccolo (0.88) | Brokkoli (0.75)",other,Lidl,2025-12-30,good
efb2b680-b9d3-4f47-a1ef-b8b5ed1e1b7f,5cc46c1d-f75c-46cd-9894-056033f665ac,WhatsApp Image 2026-07-16 at 13.05.29.jpeg,"Spinat 2,49 A",Spinat,1.0,piece,2.49,,0.5,True,Eierteigwaren Tortelloni (Ricotta-Spinat-Füllung) getrocknet [bls_code=E609100] conf=0.85 (fuzzy),"Eierteigwaren Tortelloni (Ricotta-Spinat-Füllung) getrocknet (0.85) | Spinat roh (0.85) | Neuseeländer Spinat roh (0.85) | Eierteigwaren Tortelloni (Ricotta-Spinat-Füllung) getrocknet, gekocht (0.85) | Spinat gedünstet (0.85)",Tartex Bio Spinat Pinienkerne Abendbrotaufstrich 4005514040982 Pflanzlicher Brotaufstrich mit Spinat und Pinienkernen [off_id=4005514040982] conf=0.85 (fuzzy),Tartex Bio Spinat Pinienkerne Abendbrotaufstrich 4005514040982 Pflanzlicher Brotaufstrich mit Spinat und Pinienkernen (0.85) | Gemüseaufstrich Spinat Walnuss (0.85) | Lasagne Schwein & Spinat (0.85) | Cappelletti (0.24) | Pizza Die Backfrische Hähnchen (0.55),other,Lidl,2025-12-30,good
e8d1eed0-eae5-4b22-9203-7b6914d248c3,5cc46c1d-f75c-46cd-9894-056033f665ac,WhatsApp Image 2026-07-16 at 13.05.29.jpeg,"Bioland Speisek 2,29 A",Bioland Speisek,1.0,piece,2.29,,0.5,True,"Schwein Speck, ohne Schwartenzug (S VII) roh [bls_code=U605700] conf=0.85 (fuzzy)","Schwein Speck, ohne Schwartenzug (S VII) roh (0.85) | Eierteigwaren Tortelloni (Ricotta-Spinat-Füllung) getrocknet (0.85) | Roggenmischbrot (0.85) | Sojakochcreme (0.85) | Vegetarische Bratwurst (aus Tofu und Weizenprotein) (0.85)",,,other,Lidl,2025-12-30,good
6395378c-27bc-49bc-a7f9-d9422cec13c7,5cc46c1d-f75c-46cd-9894-056033f665ac,WhatsApp Image 2026-07-16 at 13.05.29.jpeg,"Knoblauch 0,99% 2 1,98 A",Knoblauch 2,1.0,piece,1.98,,0.5,True,"Porree/Lauch, roh [bls_code=G470100] conf=0.85 (fuzzy)","Porree/Lauch, roh (0.85) | Knoblauch roh (0.85) | Knoblauch gebacken (0.85) | Karpfen blau (im Essigsud pochiert) (0.85) | Forelle blau (im Essigsud pochiert) (0.85)",Knoblauch Sauce [off_id=5425600102179] conf=0.85 (fuzzy),Knoblauch Sauce (0.85) | Bresso 100% Pflanzlich - Knoblauch & Kräuter (0.85) | Bake Rolls Knoblauch (0.85) | Knoblauch eingelegt (0.85) | Miree Knoblauch Frischkäse (0.85),other,Lidl,2025-12-30,good
b5d998f5-0eb4-4431-8eec-32f3cd91beb1,5cc46c1d-f75c-46cd-9894-056033f665ac,WhatsApp Image 2026-07-16 at 13.05.29.jpeg,"Blumenkohl 1,79 A",Blumenkohl,1.0,piece,1.79,,0.5,True,Blumenkohl roh [bls_code=G311100] conf=0.85 (fuzzy),Blumenkohl roh (0.85) | Blumenkohl gebraten ohne Fett (Pfanne) (0.85) | Blumenkohl tiefgefroren (0.85) | Blumenkohl gedünstet (mit Fett und Salz) (0.85) | Blumenkohl gebacken (0.85),Blumenkohl [off_id=4056489123347] conf=1.00 (exact),Blumenkohl (1.00) | Bio Blumenkohl Bratlinge (0.85) | Buttergemüse (0.36) | Brokkoli & Blumenkohl (0.85) | Blumenkohl Broccoli Suppe (0.85),other,Lidl,2025-12-30,good
89cb71f2-b41b-49f2-a044-5eb48c84f95b,5cc46c1d-f75c-46cd-9894-056033f665ac,WhatsApp Image 2026-07-16 at 13.05.29.jpeg,"Bio Gurken 1,59 A",Bio Gurken,1.0,piece,1.59,,0.5,True,Gurke roh [bls_code=G520100] conf=0.85 (fuzzy),Gurke roh (0.85) | Gurke gesäuert (Gewürzgurke) abgetropft (0.85) | Gurke gedünstet (0.85) | Gemüsesaft aus Gurke (0.85) | Gurke gekocht (0.85),Bio-Gewürzgurken [off_id=4061459714517] conf=1.00 (fuzzy),Bio-Gewürzgurken (1.00) | Bio-Gurke (1.00) | Gewürzgurken ungesüßt (0.85) | Gurke (0.85) | Gurke (0.85),vegetable,Lidl,2025-12-30,good
2146888b-7a6e-49a2-b38a-08ec94afe4f5,5cc46c1d-f75c-46cd-9894-056033f665ac,WhatsApp Image 2026-07-16 at 13.05.29.jpeg,"Zulebeln rot 0,99 A",Zulebeln rot,1.0,piece,0.99,,0.5,True,"Gemüsepaprika rot, roh [bls_code=G543100] conf=1.00 (fuzzy)","Gemüsepaprika rot, roh (1.00) | Johannisbeere rot, roh (1.00) | Pfefferschote rot, roh (1.00) | Linse rot reif (1.00) | Weintraube rot, roh (1.00)",,,other,Lidl,2025-12-30,good
c09ad7e6-8924-4415-9464-321056486512,5cc46c1d-f75c-46cd-9894-056033f665ac,WhatsApp Image 2026-07-16 at 13.05.29.jpeg,"Raclette-Käse 3,99 A",Raclette-Käse,1.0,piece,3.99,,0.5,True,Edelpilzkäse mind. 50 % Fett i. Tr. [bls_code=M502700] conf=0.85 (fuzzy),"Edelpilzkäse mind. 50 % Fett i. Tr. (0.85) | Edelpilzkäse mind. 45 % Fett i. Tr. (0.85) | Edelpilzkäse mind. 60 % Fett i. Tr. (0.85) | Salzlakenkäse aus Kuhmilch, Hirtenkäse, mind. 45 % Fett i. Tr. (0.85) | Salzlakenkäse aus Schafmilch, mind. 20 % Fett i. Tr. (0.85)",,,dairy,Lidl,2025-12-30,good
a379e4df-be3e-40e0-9e68-ceb359760928,5cc46c1d-f75c-46cd-9894-056033f665ac,WhatsApp Image 2026-07-16 at 13.05.29.jpeg,"Bioland Tofu natur 2,29Xx% 2 4,53 A","Bioland Tofu natur 2,29Xx% 2",2.0,piece,4.53,,0.9,False,Tofu [bls_code=H861000] conf=0.85 (fuzzy),"Tofu (0.85) | Seidentofu (0.85) | Schwein Speck, ohne Schwartenzug (S VII) roh (0.85) | Eierteigwaren Tortelloni (Ricotta-Spinat-Füllung) getrocknet (0.85) | Roggenmischbrot (0.85)",,,protein,Lidl,2025-12-30,good
1bfb0b02-5d50-476e-8713-9f4bbf441d94,5cc46c1d-f75c-46cd-9894-056033f665ac,WhatsApp Image 2026-07-16 at 13.05.29.jpeg,"Schott.Räucherlachs 2,99 A",Schott.Räucherlachs,1.0,piece,2.99,,0.5,True,"Schillerlocken (Dornhai, Bauchlappen, heiß geräuchert) [bls_code=T033000] conf=0.85 (fuzzy)","Schillerlocken (Dornhai, Bauchlappen, heiß geräuchert) (0.85) | Senf mittelscharf (0.85) | Lachs roh (0.85) | Lachs geräuchert (Räucherlachs) (0.85) | Senf extra scharf (0.85)",,,protein,Lidl,2025-12-30,good
21248490-2a10-4b46-bbe2-dd617146419e,5cc46c1d-f75c-46cd-9894-056033f665ac,WhatsApp Image 2026-07-16 at 13.05.29.jpeg,"Bio Griıech. Feta 2,89 A",Bio Griıech. Feta,1.0,piece,2.89,,0.5,True,Kaviar echt (Stör) [bls_code=T861100] conf=0.86 (fuzzy),"Kaviar echt (Stör) (0.86) | Sushi Ingwer (Gari) Konserve (0.86) | Feta mind. 45 % Fett i. Tr. (0.85) | Schafskäse (Feta) mit Tomaten und Oliven gebacken (0.85) | Hafer ganzes Korn, roh (0.75)",,,other,Lidl,2025-12-30,good
35940552-6f8b-41d4-9387-fa7608ebf9d8,5cc46c1d-f75c-46cd-9894-056033f665ac,WhatsApp Image 2026-07-16 at 13.05.29.jpeg,"Griech, Joghurt 2% 2,29 A","Griech, Joghurt",1.0,piece,2.29,,0.5,True,Soja-Joghurtalternative ungesüßt [bls_code=H844000] conf=0.85 (fuzzy),"Soja-Joghurtalternative ungesüßt (0.85) | Joghurt mild, mind. 3,5 % Fett (0.85) | Joghurt mild, aus entrahmter Milch, max. 1 % Fett, mit Fruchtzubereitung, gesüßt (0.85) | Joghurt mild, max. 3,8 % Fett, mit Fruchtzubereitung, gesüßt (0.85) | Soja-Joghurtalternative ungesüßt, angereichert mit Vitaminen und Calcium (0.85)","Elinas, Joghurt griech. Art, NATUR [off_id=00446600] conf=0.85 (fuzzy)","Elinas, Joghurt griech. Art, NATUR (0.85)",dairy,Lidl,2025-12-30,good
71b65965-3135-4192-9583-2f4de5704385,5cc46c1d-f75c-46cd-9894-056033f665ac,WhatsApp Image 2026-07-16 at 13.05.29.jpeg,"Kräuterbutter 1,19 A",Kräuterbutter,1.0,piece,1.19,,0.5,True,Kräuterbutter [bls_code=Y790160] conf=1.00 (exact),Kräuterbutter (1.00) | Erdnussbutter/Erdnusscreme (0.85) | Butter mild gesäuert (0.85) | Weizentoastbrot/Buttertoastbrot (0.85) | Erdnussmus (0.85),Kräuterbutter [off_id=20414870] conf=1.00 (exact),Kräuterbutter (1.00) | Kräuterbutter Baguette (0.85) | Kräuterbutter (1.00) | Kräuterbutter Baguette (0.85) | Kräuterbutter (1.00),dairy,Lidl,2025-12-30,good
a64ca184-6b6d-491d-9c9a-e9f8b7649d4c,5cc46c1d-f75c-46cd-9894-056033f665ac,WhatsApp Image 2026-07-16 at 13.05.29.jpeg,"Hummus Ras el-Hanout 0,99 A",Hummus Ras el-Hanout,1.0,piece,0.99,,0.5,True,Hummus/Kichererbsenmus [bls_code=H960000] conf=0.85 (fuzzy),"Hummus/Kichererbsenmus (0.85) | Reisrand (0.85) | Hähnchen ganz, entbeint, mit Haut, roh (0.80) | Suppenhuhn Fleisch, mit Haut, roh (0.80) | Hähnchen Flügel, mit Haut, roh (0.80)",Hummus Ras el Hanout [off_id=4056489751175] conf=1.00 (exact),Hummus Ras el Hanout (1.00),other,Lidl,2025-12-30,good
2385a8a8-c69d-463a-82d4-62e19ee3109f,5cc46c1d-f75c-46cd-9894-056033f665ac,WhatsApp Image 2026-07-16 at 13.05.29.jpeg,"Spreewälder Gurken 2,59 A",Spreewälder Gurken,1.0,piece,2.59,,0.5,True,Gurke roh [bls_code=G520100] conf=0.85 (fuzzy),Gurke roh (0.85) | Gurke gesäuert (Gewürzgurke) abgetropft (0.85) | Gurke gedünstet (0.85) | Gemüsesaft aus Gurke (0.85) | Gurke gekocht (0.85),Gewürzgurken nach original DDR-Rezeptur [off_id=4033689022175] conf=0.85 (fuzzy),Gewürzgurken nach original DDR-Rezeptur (0.85),vegetable,Lidl,2025-12-30,good
6113e996-4846-4cb3-a368-f65c89390cff,5cc46c1d-f75c-46cd-9894-056033f665ac,WhatsApp Image 2026-07-16 at 13.05.29.jpeg,"Oro d,P stück.Tomate 1,99 A","Oro d,P stück.Tomate",1.0,piece,1.99,,0.5,True,Tomaten gebacken provenzalische Art [bls_code=X556233] conf=0.86 (fuzzy),"Tomaten gebacken provenzalische Art (0.86) | Tomatenkartoffeln gedünstet (0.86) | Omelett gebraten mit Tomaten (0.86) | Ganze Tomaten gedünstet, mit Sahne (0.86) | Kartoffel-Tomaten-Gratin mit Mozzarella (0.86)",,,vegetable,Lidl,2025-12-30,good
00d083bd-981e-4c3a-9a92-b54852784508,5cc46c1d-f75c-46cd-9894-056033f665ac,WhatsApp Image 2026-07-16 at 13.05.29.jpeg,"Don Papa Baroko 40% 29,99 B",Don Papa Baroko,1.0,piece,29.99,,0.5,True,"Cocktail, Touch Down [bls_code=P9A5000] conf=0.86 (fuzzy)","Cocktail, Touch Down (0.86) | Papaya roh (0.85) | Milchschokoladen-Riegel gefüllt mit Karamell, gerösteten Erdnüssen und Candycreme (0.85) | Milchschokoladen-Riegel gefüllt mit Candycreme/mit Candycreme und Karamell (0.85) | Vollmilchschokoladen-Riegel gefüllt mit Milchcreme (0.85)",Rum - Don Papa Baroko [off_id=4809015157480] conf=1.00 (fuzzy),Rum - Don Papa Baroko (1.00) | Baroko (0.85),other,Lidl,2025-12-30,good
53125fd8-1771-4d9f-95ba-86525340f4af,5cc46c1d-f75c-46cd-9894-056033f665ac,WhatsApp Image 2026-07-16 at 13.05.29.jpeg,"Harry KörnerSandwich 2,49 A",Harry KörnerSandwich,1.0,piece,2.49,,0.5,True,"Schwein Speck, ohne Schwartenzug (S VII) roh [bls_code=U605700] conf=0.85 (fuzzy)","Schwein Speck, ohne Schwartenzug (S VII) roh (0.85) | Eierteigwaren Tortelloni (Ricotta-Spinat-Füllung) getrocknet (0.85) | Roggenmischbrot (0.85) | Sojakochcreme (0.85) | Vegetarische Bratwurst (aus Tofu und Weizenprotein) (0.85)",,,other,Lidl,2025-12-30,good
c20091cf-3722-4ff0-9893-4fed7b71f094,5cc46c1d-f75c-46cd-9894-056033f665ac,WhatsApp Image 2026-07-16 at 13.05.29.jpeg,"Cashewkerne 200g 2,99 A",Cashewkerne,200.0,g,2.99,,0.9,False,Cashewkern [bls_code=H170100] conf=0.95 (exact),"Cashewkern (0.95) | Cashewnussmus (0.85) | Käsealternative, Basis Cashewkerne, vegan (0.85) | Cashewkern geröstet mit Fett (0.85) | Cashewkern geröstet ohne Fett (0.85)",Cashewkerne [off_id=4311501627150] conf=1.00 (exact),Geschälte Cashewkerne (0.85) | Cashewkerne (1.00) | Cashewkerne geröstet & gesalzen (0.85) | Cashewkerne naturbelassen (0.85) | Cashewkerne (1.00),other,Lidl,2025-12-30,good
10450f3e-8f2a-46b6-b7ab-fa68b4794a1b,f0047fbc-d166-45a8-bd62-5e38eba44e23,WhatsApp Image 2026-07-16 at 13.05.48.jpeg,"Auberginen 0,97 A",Auberginen,0.286,kg,0.97,,0.5,True,Auberginen mit Tomaten gedünstet [bls_code=X551343] conf=0.90 (fuzzy),"Auberginen mit Tomaten gedünstet (0.90) | Auberginen gedünstet (mit Fett und Salz) (0.90) | Auberginen gefüllt mit Lammfleisch, Reis und Tomaten, überbacken (0.90) | Teigwaren eifrei, mit Auberginen gedünstet mit Tomaten und Ricotta (0.90) | Auberginen-Tomaten-Paprikagemüse geschmort (0.90)",Aubergines farcies au riz [off_id=8690804413100] conf=0.90 (fuzzy),Brotaufstich Mediterran (0.30) | Aubergines farcies au riz (0.90) | Bio Auberginen Aufstrich (0.85) | Auberginen Creme (0.85) | Ajvar (scharf) (0.27),other,Lidl,2025-12-10,good
dcf8b74a-4e0c-4aee-ae89-554db5ef42b2,f0047fbc-d166-45a8-bd62-5e38eba44e23,WhatsApp Image 2026-07-16 at 13.05.48.jpeg,"Kartoffeln S0ß 0,81 B",Kartoffeln S0ß,0.45,kg,0.81,,0.5,True,Kartoffelauflauf/Kartoffelring [bls_code=X640063] conf=0.87 (fuzzy),"Kartoffelauflauf/Kartoffelring (0.87) | Kartoffelkloß (aus rohen Kartoffeln) Trockenprodukt (0.85) | Kartoffelkloß (aus gekochten Kartoffeln) Trockenprodukt (0.85) | Kartoffel geschält, roh (0.85) | Matjesfilet (Heringsfilet) nordische Art (0.85)",,,vegetable,Lidl,2025-12-10,good
e2356a83-5549-4eed-9fd9-e740db868d30,f0047fbc-d166-45a8-bd62-5e38eba44e23,WhatsApp Image 2026-07-16 at 13.05.48.jpeg,"Bananen Fairtra 1,72 A",Bananen Fairtra,1.0,piece,1.72,,0.5,True,Banane roh [bls_code=F503100] conf=0.85 (fuzzy),"Banane roh (0.85) | Bananenchips frittiert, gesüßt (0.85) | Fruchtmischung (Apfel, Banane, Mandarine) ungesüßt (0.85) | Banane getrocknet (0.85) | Mettwurst luftgetrocknet, energiereduziert (0.85)",,,fruit,Lidl,2025-12-10,good
db8b2546-9a37-4214-ac3d-6c31e6933ed3,f0047fbc-d166-45a8-bd62-5e38eba44e23,WhatsApp Image 2026-07-16 at 13.05.48.jpeg,"Avocado vorger. 0,99 A",Avocado vorger,1.0,piece,0.99,,0.5,True,Avocado roh [bls_code=F502100] conf=0.85 (fuzzy),Avocado roh (0.85) | Avocadocremesuppe (0.85) | Avocadocreme (Guacamole) (0.85) | Calvados (0.67) | Orangensaft (0.67),,,other,Lidl,2025-12-10,good
240f5c7a-8e46-4357-8b82-befca5d2f7e0,f0047fbc-d166-45a8-bd62-5e38eba44e23,WhatsApp Image 2026-07-16 at 13.05.48.jpeg,"Zitronen Blo 0,79 A",Zitronen Blo,1.0,piece,0.79,,0.5,True,"Eistee mit Zitronen-/Pfirsichgeschmack, gesüßt [bls_code=N019000] conf=0.85 (fuzzy)","Eistee mit Zitronen-/Pfirsichgeschmack, gesüßt (0.85) | Citronensäure/Zitronensäure (E 330) (0.85) | Zitronenlimonade (0.85) | Zitrone roh (0.85) | Zitronenkekse glutenfrei (0.85)",,,other,Lidl,2025-12-10,good
e769ab9a-4776-4c17-815e-9b3a86987b9e,f0047fbc-d166-45a8-bd62-5e38eba44e23,WhatsApp Image 2026-07-16 at 13.05.48.jpeg,"Speisekartoffeln 1,79 A",Speisekartoffeln,1.0,piece,1.79,,0.5,True,"Eierkartoffeln mit Tomaten, überbacken [bls_code=X643113] conf=0.87 (fuzzy)","Eierkartoffeln mit Tomaten, überbacken (0.87) | Kartoffelkloß (aus rohen Kartoffeln) Trockenprodukt (0.85) | Kartoffelkloß (aus gekochten Kartoffeln) Trockenprodukt (0.85) | Kartoffel geschält, roh (0.85) | Matjesfilet (Heringsfilet) nordische Art (0.85)",Speisekartoffeln festkochend [off_id=20250393] conf=0.85 (fuzzy),"Speisekartoffeln festkochend (0.85) | Kartoffeln vorwiegend festkochend (0.85) | Kartoffeln - Speisekartoffeln  'Agata' Spanien (0.85) | Die feinen Speisekartoffeln, Qualität I, festkochend (0.85) | Edeka Herzstücke Speisekartoffeln 4311501345290 Gekochte Speisekartoffeln (0.85)",vegetable,Lidl,2025-12-10,good
5607da5d-93b1-4aff-9d45-a089d770ee13,f0047fbc-d166-45a8-bd62-5e38eba44e23,WhatsApp Image 2026-07-16 at 13.05.48.jpeg,"Broccoli 1,19 x 2 2,38 A",Broccoli,2.0,piece,2.38,,0.9,False,Broccoli roh [bls_code=G312100] conf=0.85 (fuzzy),"Broccoli roh (0.85) | Romanesco roh (0.85) | Broccoli gebraten ohne Fett (Pfanne) (0.85) | Romanesco gebacken (0.85) | Broccoli gedünstet, mit gerösteten Mandelblättchen (0.85)","Duo de fleurettes brocolis, chou-fleur Bio [off_id=3270160757046] conf=0.88 (fuzzy)","Marinated Tomato, Broccoli & Spinach Vegan Quiche (0.85) | Pasta 'N' Sauce Cheese & Broccoli (0.85) | Super Good Pea, Broccoli and Basil Pesto (0.85) | Duo de fleurettes brocolis, chou-fleur Bio (0.88) | Veggie-Mix Broccoli Buchweizen (0.85)",other,Lidl,2025-12-10,good
8d837125-7144-47ea-b3b7-71361a770738,f0047fbc-d166-45a8-bd62-5e38eba44e23,WhatsApp Image 2026-07-16 at 13.05.48.jpeg,"Bio Zucchini 1,89 A",Bio Zucchini,1.0,piece,1.89,,0.5,True,Zucchini roh [bls_code=G582100] conf=0.85 (fuzzy),Zucchini roh (0.85) | Zucchini gedünstet (mit Fett und Salz) (0.85) | Zucchini gedünstet (0.85) | Zucchini gegrillt (0.85) | Zucchini geschmort ohne Fett (0.85),Courgettes Bio à la Provençale [off_id=3760324840795] conf=1.00 (fuzzy),"Brotaufstrich, Paprika, Tomate, Zucchini & Aubergine Streichcreme (0.85) | Brotaufstich Mediterran (0.34) | Courgettes Bio à la Provençale (1.00) | Vegetale auf Stein gebacken (0.31) | Zucchini Bio (1.00)",other,Lidl,2025-12-10,good
c84262fb-81dd-4ff0-91c4-252201f425a6,f0047fbc-d166-45a8-bd62-5e38eba44e23,WhatsApp Image 2026-07-16 at 13.05.48.jpeg,"Blumenkohl 1,79 A",Blumenkohl,1.0,piece,1.79,,0.5,True,Blumenkohl roh [bls_code=G311100] conf=0.85 (fuzzy),Blumenkohl roh (0.85) | Blumenkohl gebraten ohne Fett (Pfanne) (0.85) | Blumenkohl tiefgefroren (0.85) | Blumenkohl gedünstet (mit Fett und Salz) (0.85) | Blumenkohl gebacken (0.85),Blumenkohl [off_id=4056489123347] conf=1.00 (exact),Blumenkohl (1.00) | Bio Blumenkohl Bratlinge (0.85) | Buttergemüse (0.36) | Brokkoli & Blumenkohl (0.85) | Blumenkohl Broccoli Suppe (0.85),other,Lidl,2025-12-10,good
0484f1de-288c-4b1e-8699-02a38c59656e,f0047fbc-d166-45a8-bd62-5e38eba44e23,WhatsApp Image 2026-07-16 at 13.05.48.jpeg,"Bio Paprika rot 1,59 A",Bio Paprika rot,1.0,piece,1.59,,0.5,True,"Gemüsepaprika rot, roh [bls_code=G543100] conf=1.00 (fuzzy)","Gemüsepaprika rot, roh (1.00) | Johannisbeere rot, roh (1.00) | Pfefferschote rot, roh (1.00) | Linse rot reif (1.00) | Weintraube rot, roh (1.00)","Bio Paprika rot, Klasse 1 [off_id=4019607337019] conf=1.00 (fuzzy)","Chili sin Carne (0.33) | Bio Paprika rot, spitz (1.00) | Bio Spitz-Paprika Rot (1.00) | Bio Paprika rot, Klasse 1 (1.00) | Bio Spitzpaprika rot (1.00)",vegetable,Lidl,2025-12-10,good
928b4ddb-208e-4f13-ac5e-749e98117808,f0047fbc-d166-45a8-bd62-5e38eba44e23,WhatsApp Image 2026-07-16 at 13.05.48.jpeg,"Bioland Tofu geräu. 2,29 A",Bioland Tofu geräu,1.0,piece,2.29,,0.5,True,Tofu [bls_code=H861000] conf=0.85 (fuzzy),"Tofu (0.85) | Seidentofu (0.85) | Bückling (Hering) heiß geräuchert (0.85) | Sprotte geräuchert (0.85) | Schillerlocken (Dornhai, Bauchlappen, heiß geräuchert) (0.85)",,,protein,Lidl,2025-12-10,good
abf588d1-1b88-4562-9a40-ce35571f42c2,f0047fbc-d166-45a8-bd62-5e38eba44e23,WhatsApp Image 2026-07-16 at 13.05.48.jpeg,"Bioland Tofu natur 2,29 A",Bioland Tofu natur,1.0,piece,2.29,,0.5,True,Tofu [bls_code=H861000] conf=0.85 (fuzzy),"Tofu (0.85) | Seidentofu (0.85) | Schwein Speck, ohne Schwartenzug (S VII) roh (0.85) | Eierteigwaren Tortelloni (Ricotta-Spinat-Füllung) getrocknet (0.85) | Roggenmischbrot (0.85)",Tofu Natur [off_id=4056489616214] conf=0.85 (fuzzy),Tofu Natur (0.85) | Tofu Natur (0.85) | Tofu Natur (0.85),protein,Lidl,2025-12-10,good
54fb99cd-2b38-496b-9014-2110f19f5aa1,f0047fbc-d166-45a8-bd62-5e38eba44e23,WhatsApp Image 2026-07-16 at 13.05.48.jpeg,"Speisequark 0% 1,29 x 2 2,58 A",Speisequark,2.0,piece,2.58,,0.9,False,"Speisequark Magerstufe, Magerquark < 10 % Fett i. Tr. [bls_code=M713100] conf=0.85 (fuzzy)","Speisequark Magerstufe, Magerquark < 10 % Fett i. Tr. (0.85) | Speisequark Rahmstufe, 50 % Fett i. Tr. (0.85) | Speisequark Viertelfettstufe, 10 % Fett i. Tr. (0.85) | Speisequark Halbfettstufe, 20 % Fett i. Tr. (0.85) | Speisequark Fettstufe, 40 % Fett i. Tr. (0.85)",Speisequark [off_id=20778590] conf=1.00 (exact),"Speisequark (1.00) | Bio Speisequark Magerstufe (0.85) | Speisequark Magerstufe (0.85) | Speisequark Magerstufe 0,2 % Fett (0.85) | Speisequark 20 % Fett (0.85)",dairy,Lidl,2025-12-10,good
c24d82be-fcfd-4e2d-9d4b-03a68ca44df0,f0047fbc-d166-45a8-bd62-5e38eba44e23,WhatsApp Image 2026-07-16 at 13.05.48.jpeg,"Frischkäse 20% 0,99 %A",Frischkäse,1.0,piece,0.99,,0.5,True,"Fleischkäse einfach, fein/Original Bayerischer Leberkäse fein [bls_code=W233000] conf=0.86 (fuzzy)","Fleischkäse einfach, fein/Original Bayerischer Leberkäse fein (0.86) | Fleischkäse fettreduziert (0.86) | Fleischkäse gebraten (0.86) | Fleischkäse einfach, fein/Original Bayerischer Leberkäse fein, gekocht (0.86) | Fleischkäse einfach, fein/Original Bayerischer Leberkäse fein, gebraten ohne Fett (Ofen) (0.86)",Züger Bio-Cottage Cheese 7640101092547 Frischkäse aus pasteurisierter Milch . Viertelfettstufe [off_id=7640101092547] conf=0.85 (fuzzy),Züger Bio-Cottage Cheese 7640101092547 Frischkäse aus pasteurisierter Milch . Viertelfettstufe (0.85) | Bio-Mozzarella (0.20) | Chavroux - 100% Ziegenmilch (0.29) | Junge Erbsen sehr Fein (0.38) | Philadelphia - Milka Frischkäse (0.85),dairy,Lidl,2025-12-10,good
fe4691cf-b221-4c14-b47f-4dda8af66aa3,f0047fbc-d166-45a8-bd62-5e38eba44e23,WhatsApp Image 2026-07-16 at 13.05.48.jpeg,"Bioland Schlagsahne 1,19 A",Bioland Schlagsahne,1.0,piece,1.19,,0.5,True,"Schwein Speck, ohne Schwartenzug (S VII) roh [bls_code=U605700] conf=0.85 (fuzzy)","Schwein Speck, ohne Schwartenzug (S VII) roh (0.85) | Eierteigwaren Tortelloni (Ricotta-Spinat-Füllung) getrocknet (0.85) | Roggenmischbrot (0.85) | Sojakochcreme (0.85) | Vegetarische Bratwurst (aus Tofu und Weizenprotein) (0.85)",Schlagsahne [off_id=4063367405853] conf=0.85 (fuzzy),Schlagsahne (0.85) | Bio-Schlagsahne 30 % Fett (0.85) | Schlagsahne wärmebehandelt (0.85) | Frische Bio Schlagsahne (0.85) | Schlagsahne (0.85),dairy,Lidl,2025-12-10,good
c47cfaa8-0c20-4620-9b40-dee0c6bc41da,f0047fbc-d166-45a8-bd62-5e38eba44e23,WhatsApp Image 2026-07-16 at 13.05.48.jpeg,"Griech, Joghurt 2% 2,29 A","Griech, Joghurt",1.0,piece,2.29,,0.5,True,Soja-Joghurtalternative ungesüßt [bls_code=H844000] conf=0.85 (fuzzy),"Soja-Joghurtalternative ungesüßt (0.85) | Joghurt mild, mind. 3,5 % Fett (0.85) | Joghurt mild, aus entrahmter Milch, max. 1 % Fett, mit Fruchtzubereitung, gesüßt (0.85) | Joghurt mild, max. 3,8 % Fett, mit Fruchtzubereitung, gesüßt (0.85) | Soja-Joghurtalternative ungesüßt, angereichert mit Vitaminen und Calcium (0.85)","Elinas, Joghurt griech. Art, NATUR [off_id=00446600] conf=0.85 (fuzzy)","Elinas, Joghurt griech. Art, NATUR (0.85)",dairy,Lidl,2025-12-10,good
d510a332-e3a1-4fdb-8869-1ea00ed63cec,f0047fbc-d166-45a8-bd62-5e38eba44e23,WhatsApp Image 2026-07-16 at 13.05.48.jpeg,"Bio-Eier OKT 10er 3,39 x 2 6,78 A",Bio-Eier OKT 10er,2.0,piece,6.78,,0.9,False,"Rhabarberkompott mit einer Zuckerart und Süßungsmitteln, Konserve [bls_code=F957900] conf=0.89 (fuzzy)","Rhabarberkompott mit einer Zuckerart und Süßungsmitteln, Konserve (0.89) | Preiselbeere mit einer Zuckerart und Süßungsmitteln (mit Pektin) Konserve (0.89) | Eierteigwaren roh (0.85) | Eierteigwaren Tortellini (Fleischfüllung) getrocknet (0.85) | Eierteigwaren Tortelloni (Ricotta-Spinat-Füllung) getrocknet (0.85)",,,protein,Lidl,2025-12-10,good
a4103202-a740-4599-8840-0fd94fd124f1,f0047fbc-d166-45a8-bd62-5e38eba44e23,WhatsApp Image 2026-07-16 at 13.05.48.jpeg,"Kidney Bohnen 0,69 A",Kidney Bohnen,1.0,piece,0.69,,0.5,True,"Schwein Fettwamme, ohne Schwarten, geringer Magerfleischanteil (S XI) roh [bls_code=U505100] conf=0.85 (fuzzy)","Schwein Fettwamme, ohne Schwarten, geringer Magerfleischanteil (S XI) roh (0.85) | Mungbohnensprossen/Mungbohnenkeimlinge, roh (0.85) | Sojabohnensprossen/Sojabohnenkeimlinge, roh (0.85) | Schwein Rückenspeck, kernig, ohne Schwartenzug (S VIII) roh (0.85) | Schwein Speck, ohne Schwartenzug (S VII) roh (0.85)",Kidney Bohnen [off_id=4056489666028] conf=1.00 (exact),Kidney Bohnen (1.00) | Kidney Bohnen (1.00) | Alnatura Kidney Bohnen 4104420138803 Rote Kidney-Bohnen (0.85) | Kidney Bohnen (1.00) | Kidney Bohnen (1.00),protein,Lidl,2025-12-10,good
762d795e-a8a1-47bf-b714-d986ebdbf916,f0047fbc-d166-45a8-bd62-5e38eba44e23,WhatsApp Image 2026-07-16 at 13.05.48.jpeg,"Kichererbsen 0,59 A",Kichererbsen,1.0,piece,0.59,,0.5,True,Kichererbsenmehl [bls_code=H720400] conf=0.86 (fuzzy),"Kichererbsenmehl (0.86) | Erbse grün, roh (0.85) | Erbse grün, tiefgefroren (0.85) | Erbse reif (0.85) | Kichererbse reif (0.85)",Kichererbsen [off_id=20468583] conf=1.00 (exact),"Kichererbsen (1.00) | Kichererbsen (1.00) | Hummus , Natur (0.22) | Falafel XXL (0.11) | Kichererbsen Waffeln (0.85)",other,Lidl,2025-12-10,good
6ed8967e-c210-45f5-a2ed-9f0209cd80dc,f0047fbc-d166-45a8-bd62-5e38eba44e23,WhatsApp Image 2026-07-16 at 13.05.48.jpeg,"Dinkelsandwich 1,69 A",Dinkelsandwich,1.0,piece,1.69,,0.5,True,"Schwein Speck, ohne Schwartenzug (S VII) roh [bls_code=U605700] conf=0.85 (fuzzy)","Schwein Speck, ohne Schwartenzug (S VII) roh (0.85) | Eierteigwaren Tortelloni (Ricotta-Spinat-Füllung) getrocknet (0.85) | Roggenmischbrot (0.85) | Dinkel Vollkornmehl (0.85) | Sojakochcreme (0.85)",Dinkelsandwich [off_id=4071800060439] conf=1.00 (exact),Dinkelsandwich (1.00),other,Lidl,2025-12-10,good
262e1cfe-3657-4972-af91-d923d171408f,f0047fbc-d166-45a8-bd62-5e38eba44e23,WhatsApp Image 2026-07-16 at 13.05.48.jpeg,"XXL Lachsfilet 15,99 A",XXL Lachsfilet,1.0,piece,15.99,,0.5,True,Lachs roh [bls_code=T410100] conf=0.85 (fuzzy),"Lachs roh (0.85) | Lachs geräuchert (Räucherlachs) (0.85) | Schwein Filet/Lende, roh (0.85) | Hammel Filet/Lende, roh (0.85) | Schaf Filet/Lende, roh (0.85)",Lachsfiletportionen mit Haut aus Norwegen XXL [off_id=4061461546670] conf=1.00 (fuzzy),"Lachsfiletseite mit Haut XXL aus Norwegen (1.00) | Lachsfiletportionen mit Haut aus Norwegen XXL (1.00) | Norwegische Lachsfilet Portionen XXL (1.00) | Bio-Lachsfilets XXL - mit Haut, naturbelassen (1.00)",protein,Lidl,2025-12-10,good
28606543-989c-4b7e-bf8c-dc2b000e03f1,f0047fbc-d166-45a8-bd62-5e38eba44e23,WhatsApp Image 2026-07-16 at 13.05.48.jpeg,"Hähn.Minutenschnitz. 4,99 A",Hähn.Minutenschnitz,1.0,piece,4.99,,0.5,True,Roquefort mind. 50 % Fett i. Tr. [bls_code=M012100] conf=0.85 (fuzzy),Roquefort mind. 50 % Fett i. Tr. (0.85) | Gorgonzola mind. 48 % Fett i. Tr. (0.85) | Feta mind. 45 % Fett i. Tr. (0.85) | Edelpilzkäse mind. 50 % Fett i. Tr. (0.85) | Edelpilzkäse mind. 45 % Fett i. Tr. (0.85),,,other,Lidl,2025-12-10,good
159ac7fd-0ad4-4ac4-be00-0ea7d64188e2,98fa427b-99a2-47b7-b4e3-e6d5febbf36e,WhatsApp Image 2026-07-16 at 13.07.58.jpeg,"SALATGURKE 1,19 B",SALATGURKE,1.0,piece,1.19,,0.5,True,"Römischer Salat/Romanasalat, roh [bls_code=G107100] conf=0.85 (fuzzy)","Römischer Salat/Romanasalat, roh (0.85) | Gurke roh (0.85) | Gurke gesäuert (Gewürzgurke) abgetropft (0.85) | Senf-Honig-Dressing für Salat (0.85) | Buttermilch-Dressing mit Honig für Salat (0.85)",,"BIO GURKE (0.85) | Salatgurke, bio (0.85) | Salatgurke (1.00) | Bio Gurke (0.85) | Bio-Gurke (0.85)",vegetable,Rewe,2026-07-15,good
76e13eda-cfd4-49b7-9316-6a187761c4f0,98fa427b-99a2-47b7-b4e3-e6d5febbf36e,WhatsApp Image 2026-07-16 at 13.07.58.jpeg,"CHILI MIX TRI. 1,49 B",CHILI MIX TRI,1.0,piece,1.49,,0.5,True,"Knuspermüslimischung, klassisch, gesüßt, angereichert mit Vitaminen und Mineralstoffen [bls_code=C514300] conf=1.00 (fuzzy)","Knuspermüslimischung, klassisch, gesüßt, angereichert mit Vitaminen und Mineralstoffen (1.00) | Fruchtmischung (Apfel, Banane, Mandarine) ungesüßt (1.00) | Mehlmischung für Kuchen glutenfrei (1.00) | Müslimischung Bircher Art (mit Trockenfrüchten und Nüssen) ungesüßt (1.00) | Studentenfutter (1.00)",,,other,Rewe,2026-07-15,good
